date;Baseload Price;Peakload Price;Off-peak Price
2022-12-25;101.42;111.75;91.09
2022-12-26;42.2;52.82;31.59
2022-12-27;91.94;129.73;54.16
2022-12-28;63.68;84.04;43.32
2022-12-29;33.62;49.69;17.56
2022-12-30;25.19;40.75;9.62
2022-12-31;-2.05;-4.57;0.48
2023-01-01;16.38;18.81;13.95
2023-01-02;124.37;153.96;94.78
2023-01-03;146.63;166.5;126.76
2023-01-04;118.68;130.97;106.4
2023-01-05;140.4;159.77;121.04
2023-01-06;121.43;133.9;108.96
2023-01-07;106.57;118.34;94.81
2023-01-08;89.0;108.57;69.44
2023-01-09;134.8;170.69;98.9
2023-01-10;135.14;159.82;110.45
2023-01-11;114.89;156.66;73.12
2023-01-12;118.92;141.96;95.88
2023-01-13;121.28;139.05;103.5
2023-01-14;100.34;103.64;97.03
2023-01-15;92.64;134.25;51.04
2023-01-16;130.2;160.58;99.81
2023-01-17;136.22;154.68;117.76
2023-01-18;140.77;160.99;120.54
2023-01-19;147.07;170.92;123.22
2023-01-20;174.6;202.05;147.15
2023-01-21;135.68;150.9;120.47
2023-01-22;145.84;162.19;129.48
2023-01-23;203.02;236.23;169.8
2023-01-24;203.11;232.49;173.73
2023-01-25;182.28;203.55;161.02
2023-01-26;168.58;186.74;150.41
2023-01-27;168.75;190.78;146.72
2023-01-28;145.85;155.35;136.34
2023-01-29;129.65;138.48;120.82
2023-01-30;137.59;160.23;114.95
2023-01-31;144.28;170.48;118.08
2023-02-01;147.98;177.2;118.77
2023-02-02;143.53;167.97;119.08
2023-02-03;128.82;145.47;112.16
2023-02-04;143.94;158.52;129.36
2023-02-05;128.55;129.72;127.39
2023-02-06;172.72;186.47;158.96
2023-02-07;175.06;187.29;162.83
2023-02-08;158.3;162.62;153.98
2023-02-09;138.31;141.43;135.18
2023-02-10;141.73;149.76;133.7
2023-02-11;139.78;144.29;135.26
2023-02-12;139.2;142.23;136.17
2023-02-13;163.47;174.51;152.43
2023-02-14;156.37;163.11;149.63
2023-02-15;153.08;159.35;146.8
2023-02-16;149.01;154.71;143.3
2023-02-17;140.47;161.71;119.23
2023-02-18;111.95;114.43;109.47
2023-02-19;113.89;124.61;103.18
2023-02-20;106.15;124.62;87.68
2023-02-21;119.67;133.61;105.72
2023-02-22;149.38;154.92;143.85
2023-02-23;147.56;154.44;140.67
2023-02-24;134.79;147.21;122.37
2023-02-25;85.28;88.12;82.44
2023-02-26;108.85;100.2;117.49
2023-02-27;151.59;156.7;146.48
2023-02-28;148.26;150.88;145.64
2023-03-01;147.95;151.39;144.51
2023-03-02;150.8;154.6;146.99
2023-03-03;140.49;143.16;137.82
2023-03-04;112.24;112.9;111.58
2023-03-05;122.39;125.05;119.74
2023-03-06;151.07;166.77;135.36
2023-03-07;118.41;123.99;112.82
2023-03-08;138.99;151.58;126.41
2023-03-09;128.89;136.04;121.74
2023-03-10;116.32;127.87;104.77
2023-03-11;96.34;96.61;96.06
2023-03-12;98.11;92.1;104.13
2023-03-13;99.99;121.08;78.89
2023-03-14;88.08;102.93;73.22
2023-03-15;127.2;127.31;127.09
2023-03-16;108.54;108.12;108.96
2023-03-17;94.05;99.33;88.78
2023-03-18;109.32;107.92;110.72
2023-03-19;111.87;110.22;113.52
2023-03-20;125.55;125.65;125.45
2023-03-21;118.51;119.3;117.73
2023-03-22;104.86;101.22;108.49
2023-03-23;112.97;114.77;111.17
2023-03-24;87.13;91.47;82.79
2023-03-25;32.31;25.82;38.8
2023-03-26;67.46;66.27;68.75
2023-03-27;95.05;87.68;102.42
2023-03-28;107.59;102.26;112.92
2023-03-29;116.91;125.23;108.59
2023-03-30;105.48;110.71;100.26
2023-03-31;99.17;113.83;84.5
2023-04-01;55.57;52.57;58.56
2023-04-02;67.65;54.58;80.71
2023-04-03;110.67;102.26;119.09
2023-04-04;129.4;126.47;132.32
2023-04-05;140.7;134.9;146.49
2023-04-06;124.12;119.93;128.3
2023-04-07;114.63;114.8;114.47
2023-04-08;117.52;112.42;122.63
2023-04-09;105.05;90.06;120.04
2023-04-10;81.19;40.44;121.94
2023-04-11;99.39;111.93;86.86
2023-04-12;110.93;115.67;106.2
2023-04-13;124.25;127.48;121.01
2023-04-14;127.44;126.59;128.29
2023-04-15;106.69;97.82;115.56
2023-04-16;110.06;106.61;113.51
2023-04-17;119.07;115.51;122.62
2023-04-18;116.51;120.86;112.16
2023-04-19;112.6;113.34;111.85
2023-04-20;111.36;108.85;113.88
2023-04-21;106.17;103.52;108.82
2023-04-22;85.68;68.01;103.34
2023-04-23;85.59;68.56;102.62
2023-04-24;105.32;107.77;102.88
2023-04-25;103.43;95.76;111.1
2023-04-26;111.27;106.91;115.62
2023-04-27;111.92;106.76;117.07
2023-04-28;106.5;106.36;106.63
2023-04-29;100.66;91.58;109.73
2023-04-30;68.88;39.72;98.04
2023-05-01;83.01;64.43;101.59
2023-05-02;106.42;106.36;106.47
2023-05-03;106.15;95.13;117.18
2023-05-04;102.09;95.65;108.52
2023-05-05;96.36;93.7;99.02
2023-05-06;89.56;80.14;98.99
2023-05-07;69.64;48.23;91.04
2023-05-08;97.22;93.25;101.18
2023-05-09;96.94;94.92;98.96
2023-05-10;108.39;109.36;107.41
2023-05-11;115.0;120.03;109.96
2023-05-12;105.28;106.21;104.35
2023-05-13;78.8;54.53;103.07
2023-05-14;71.5;43.45;99.55
2023-05-15;115.09;110.06;120.12
2023-05-16;94.67;98.81;90.54
2023-05-17;92.0;88.98;95.02
2023-05-18;88.01;75.68;100.35
2023-05-19;87.91;79.45;96.37
2023-05-20;46.92;22.04;71.8
2023-05-21;29.5;6.84;52.15
2023-05-22;97.45;91.56;103.35
2023-05-23;91.47;89.75;93.19
2023-05-24;101.75;97.76;105.74
2023-05-25;88.99;73.89;104.09
2023-05-26;72.65;53.06;92.25
2023-05-27;62.0;31.65;92.35
2023-05-28;34.88;-7.18;76.94
2023-05-29;41.27;16.06;66.48
2023-05-30;88.03;82.58;93.48
2023-05-31;85.28;77.57;92.98
2023-06-01;74.64;61.5;87.79
2023-06-02;80.27;68.07;92.48
2023-06-03;56.48;30.4;82.55
2023-06-04;50.57;19.8;81.33
2023-06-05;90.16;84.72;95.6
2023-06-06;95.87;90.04;101.69
2023-06-07;99.78;93.17;106.39
2023-06-08;84.29;76.5;92.09
2023-06-09;86.62;81.12;92.11
2023-06-10;56.82;32.55;81.09
2023-06-11;42.69;15.87;69.51
2023-06-12;97.0;92.35;101.66
2023-06-13;93.21;86.92;99.49
2023-06-14;105.42;100.36;110.48
2023-06-15;119.17;108.79;129.55
2023-06-16;127.47;118.56;136.39
2023-06-17;104.53;82.87;126.19
2023-06-18;92.82;69.34;116.29
2023-06-19;117.31;111.33;123.29
2023-06-20;121.41;118.17;124.65
2023-06-21;123.73;116.07;131.39
2023-06-22;126.29;122.36;130.23
2023-06-23;111.3;110.67;111.93
2023-06-24;81.43;51.64;111.22
2023-06-25;75.02;34.06;115.98
2023-06-26;107.92;99.89;115.94
2023-06-27;104.03;95.94;112.12
2023-06-28;112.34;110.24;114.43
2023-06-29;118.18;113.14;123.22
2023-06-30;112.02;107.9;116.13
2023-07-01;70.95;39.81;102.09
2023-07-02;34.21;36.99;31.43
2023-07-03;95.77;114.57;76.97
2023-07-04;106.51;98.82;114.2
2023-07-05;96.32;87.71;104.92
2023-07-06;107.39;99.79;114.98
2023-07-07;102.35;89.05;115.65
2023-07-08;82.41;62.86;101.97
2023-07-09;89.33;70.06;108.6
2023-07-10;117.44;109.56;125.32
2023-07-11;112.36;103.7;121.03
2023-07-12;125.62;143.46;107.79
2023-07-13;108.91;105.19;112.62
2023-07-14;96.48;89.4;103.56
2023-07-15;32.88;17.42;48.33
2023-07-16;24.98;7.57;42.39
2023-07-17;103.33;96.0;110.66
2023-07-18;107.89;100.9;114.89
2023-07-19;103.64;95.12;112.17
2023-07-20;97.49;88.42;106.56
2023-07-21;105.74;101.56;109.93
2023-07-22;73.14;52.95;93.33
2023-07-23;27.89;5.54;50.25
2023-07-24;95.11;96.35;93.87
2023-07-25;104.42;104.5;104.35
2023-07-26;98.22;99.32;97.11
2023-07-27;95.34;96.26;94.42
2023-07-28;95.64;94.27;97.02
2023-07-29;77.58;61.8;93.36
2023-07-30;36.36;5.62;67.1
2023-07-31;73.31;75.6;71.02
2023-08-01;83.56;85.38;81.73
2023-08-02;67.84;58.0;77.69
2023-08-03;46.16;46.4;45.92
2023-08-04;97.65;95.39;99.92
2023-08-05;89.9;82.3;97.5
2023-08-06;51.63;36.58;66.68
2023-08-07;27.27;22.03;32.51
2023-08-08;16.89;8.68;25.1
2023-08-09;89.08;82.83;95.33
2023-08-10;92.85;82.14;103.55
2023-08-11;88.26;66.3;110.22
2023-08-12;65.92;36.55;95.29
2023-08-13;59.19;31.49;86.89
2023-08-14;95.04;85.69;104.38
2023-08-15;84.35;64.06;104.65
2023-08-16;110.43;107.63;113.24
2023-08-17;110.49;108.78;112.2
2023-08-18;108.44;104.26;112.62
2023-08-19;84.57;64.32;104.82
2023-08-20;90.21;66.63;113.78
2023-08-21;121.11;115.63;126.59
2023-08-22;124.63;118.79;130.47
2023-08-23;150.02;148.07;151.97
2023-08-24;146.43;145.71;147.15
2023-08-25;110.58;115.48;105.69
2023-08-26;95.44;86.06;104.82
2023-08-27;98.67;95.42;101.93
2023-08-28;114.77;122.17;107.37
2023-08-29;121.87;129.55;114.19
2023-08-30;116.42;118.71;114.14
2023-08-31;105.43;105.09;105.76
2023-09-01;105.97;103.71;108.22
2023-09-02;94.71;85.83;103.59
2023-09-03;82.09;59.07;105.12
2023-09-04;107.19;103.81;110.57
2023-09-05;103.15;100.13;106.16
2023-09-06;105.4;102.25;108.56
2023-09-07;100.09;96.9;103.29
2023-09-08;107.48;106.5;108.47
2023-09-09;90.97;72.1;109.85
2023-09-10;84.61;61.02;108.19
2023-09-11;146.57;144.07;149.07
2023-09-12;129.12;130.84;127.41
2023-09-13;111.92;112.68;111.17
2023-09-14;119.93;120.37;119.48
2023-09-15;108.71;106.2;111.21
2023-09-16;93.93;86.35;101.51
2023-09-17;86.63;67.73;105.53
2023-09-18;95.2;92.47;97.92
2023-09-19;61.96;73.46;50.47
2023-09-20;82.39;82.07;82.71
2023-09-21;103.42;117.41;89.43
2023-09-22;104.33;106.78;101.87
2023-09-23;100.62;96.55;104.7
2023-09-24;68.7;45.3;92.11
2023-09-25;104.32;129.21;79.43
2023-09-26;125.87;123.39;128.35
2023-09-27;121.78;126.0;117.56
2023-09-28;111.27;119.3;103.24
2023-09-29;105.7;102.8;108.6
2023-09-30;91.34;82.14;100.54
2023-10-01;73.93;50.45;97.4
2023-10-02;118.25;126.14;110.35
2023-10-03;66.75;62.46;71.04
2023-10-04;75.48;88.86;62.1
2023-10-05;103.83;113.28;94.38
2023-10-06;86.98;86.04;87.91
2023-10-07;51.13;50.54;51.71
2023-10-08;88.96;89.5;88.42
2023-10-09;119.1;131.76;106.44
2023-10-10;119.99;127.15;112.83
2023-10-11;83.13;82.81;83.46
2023-10-12;123.17;136.99;109.35
2023-10-13;93.83;87.6;100.06
2023-10-14;48.89;47.24;50.55
2023-10-15;50.1;53.13;47.07
2023-10-16;132.72;146.63;118.81
2023-10-17;134.61;140.98;128.25
2023-10-18;107.19;107.18;107.2
2023-10-19;101.58;128.94;74.22
2023-10-20;93.87;110.23;77.52
2023-10-21;56.22;60.82;51.62
2023-10-22;66.41;74.98;57.83
2023-10-23;127.55;138.66;116.43
2023-10-24;120.86;133.22;108.5
2023-10-25;124.18;137.93;110.43
2023-10-26;122.32;137.54;107.09
2023-10-27;119.85;133.18;106.53
2023-10-28;85.38;96.72;74.03
2023-10-29;29.7;33.07;26.59
2023-10-30;94.86;126.49;63.23
2023-10-31;105.86;121.7;90.01
2023-11-01;61.5;67.38;55.61
2023-11-02;63.66;78.18;49.14
2023-11-03;60.18;85.12;35.24
2023-11-04;26.57;32.23;20.92
2023-11-05;30.86;48.67;13.04
2023-11-06;72.2;94.67;49.73
2023-11-07;100.86;113.54;88.19
2023-11-08;89.99;99.97;80.01
2023-11-09;97.12;110.0;84.24
2023-11-10;96.25;112.73;79.77
2023-11-11;96.79;103.53;90.05
2023-11-12;97.01;103.39;90.63
2023-11-13;99.76;114.07;85.46
2023-11-14;73.55;96.44;50.65
2023-11-15;101.88;114.98;88.78
2023-11-16;117.16;136.96;97.35
2023-11-17;120.9;132.56;109.24
2023-11-18;93.79;101.34;86.25
2023-11-19;40.53;49.08;31.98
2023-11-20;107.09;125.58;88.6
2023-11-21;123.26;139.23;107.29
2023-11-22;110.71;122.2;99.22
2023-11-23;83.54;98.92;68.17
2023-11-24;75.99;103.31;48.67
2023-11-25;93.56;100.91;86.21
2023-11-26;101.14;110.61;91.67
2023-11-27;116.52;133.24;99.8
2023-11-28;122.37;150.71;94.03
2023-11-29;140.76;169.88;111.65
2023-11-30;168.19;216.08;120.3
2023-12-01;156.8;199.3;114.29
2023-12-02;111.32;125.88;96.77
2023-12-03;98.56;111.33;85.79
2023-12-04;117.55;135.58;99.52
2023-12-05;121.52;141.44;101.6
2023-12-06;129.54;154.79;104.29
2023-12-07;118.22;134.64;101.8
2023-12-08;105.56;118.18;92.94
2023-12-09;89.64;102.34;76.95
2023-12-10;65.33;84.98;45.68
2023-12-11;91.84;114.32;69.36
2023-12-12;109.01;124.69;93.33
2023-12-13;97.68;110.66;84.69
2023-12-14;106.82;124.63;89.0
2023-12-15;94.45;102.93;85.98
2023-12-16;70.88;80.42;61.34
2023-12-17;57.77;67.2;48.34
2023-12-18;80.94;92.92;68.95
2023-12-19;79.21;86.61;71.8
2023-12-20;74.02;85.38;62.66
2023-12-21;70.13;95.53;44.73
2023-12-22;26.68;39.63;13.73
2023-12-23;30.22;49.38;11.06
2023-12-24;0.78;0.17;1.39
2023-12-25;1.67;5.81;-2.48
2023-12-26;16.5;21.26;11.74
2023-12-27;59.64;74.81;44.47
2023-12-28;27.03;37.94;16.12
2023-12-29;11.26;15.85;6.68
2023-12-30;34.55;45.61;23.49
2023-12-31;13.45;15.88;11.02
2024-01-01;17.84;21.28;14.39
2024-01-02;56.0;77.58;34.42
2024-01-03;51.11;68.23;33.98
2024-01-04;83.24;99.46;67.03
2024-01-05;94.07;102.37;85.78
2024-01-06;88.68;97.17;80.19
2024-01-07;86.33;91.04;81.62
2024-01-08;101.86;112.51;91.22
2024-01-09;109.01;119.51;98.51
2024-01-10;112.03;124.74;99.32
2024-01-11;109.35;121.98;96.71
2024-01-12;106.72;119.17;94.28
2024-01-13;84.29;90.9;77.68
2024-01-14;76.89;84.06;69.72
2024-01-15;88.35;96.8;79.9
2024-01-16;105.79;121.5;90.07
2024-01-17;100.34;116.91;83.76
2024-01-18;95.65;107.44;83.87
2024-01-19;80.79;89.82;71.77
2024-01-20;74.46;80.32;68.61
2024-01-21;71.17;76.17;66.17
2024-01-22;85.59;89.89;81.29
2024-01-23;79.9;80.84;78.96
2024-01-24;76.45;89.0;63.9
2024-01-25;78.0;92.28;63.72
2024-01-26;76.9;85.91;67.88
2024-01-27;68.3;72.08;64.51
2024-01-28;64.42;65.73;63.1
2024-01-29;81.24;93.55;68.94
2024-01-30;78.85;82.26;75.45
2024-01-31;85.88;90.98;80.77
2024-02-01;88.03;89.96;86.1
2024-02-02;84.34;93.28;75.4
2024-02-03;71.55;67.77;75.33
2024-02-04;58.55;61.65;55.45
2024-02-05;68.1;69.0;67.2
2024-02-06;66.84;69.4;64.28
2024-02-07;79.04;91.57;66.51
2024-02-08;90.24;99.56;80.92
2024-02-09;75.35;82.39;68.31
2024-02-10;72.07;77.15;66.99
2024-02-11;61.92;67.04;56.79
2024-02-12;75.55;83.95;67.15
2024-02-13;74.01;77.9;70.12
2024-02-14;70.38;75.06;65.69
2024-02-15;72.56;78.47;66.64
2024-02-16;62.17;63.79;60.55
2024-02-17;66.49;70.84;62.14
2024-02-18;53.07;52.13;54.01
2024-02-19;67.01;76.82;57.21
2024-02-20;66.15;68.89;63.41
2024-02-21;61.01;66.58;55.45
2024-02-22;57.78;69.5;46.07
2024-02-23;63.45;72.1;54.8
2024-02-24;57.2;54.42;59.98
2024-02-25;60.97;62.89;59.06
2024-02-26;66.64;70.61;62.68
2024-02-27;74.17;79.71;68.64
2024-02-28;73.86;78.79;68.92
2024-02-29;66.39;69.29;63.49
2024-03-01;70.71;75.02;66.39
2024-03-02;64.46;68.63;60.29
2024-03-03;60.93;59.49;62.38
2024-03-04;74.8;77.24;72.36
2024-03-05;75.48;80.52;70.45
2024-03-06;82.46;86.36;78.56
2024-03-07;77.71;78.27;77.16
2024-03-08;74.43;75.56;73.3
2024-03-09;48.66;38.23;59.08
2024-03-10;36.86;29.03;44.7
2024-03-11;71.7;79.58;63.83
2024-03-12;85.71;95.25;76.17
2024-03-13;75.06;80.22;69.89
2024-03-14;70.13;72.76;67.5
2024-03-15;59.24;60.82;57.65
2024-03-16;55.94;56.85;55.03
2024-03-17;60.56;57.61;63.52
2024-03-18;82.42;89.28;75.55
2024-03-19;82.23;81.77;82.68
2024-03-20;87.31;83.97;90.65
2024-03-21;80.48;82.29;78.66
2024-03-22;68.44;69.62;67.26
2024-03-23;40.95;23.88;58.02
2024-03-24;29.5;22.06;36.94
2024-03-25;84.83;90.39;79.27
2024-03-26;66.24;58.05;74.44
2024-03-27;71.99;72.71;71.27
2024-03-28;52.98;43.79;62.18
2024-03-29;37.51;37.76;37.26
2024-03-30;50.95;38.66;63.24
2024-03-31;41.3;28.9;54.83
2024-04-01;32.16;20.79;43.54
2024-04-02;33.49;27.84;39.14
2024-04-03;84.23;86.82;81.64
2024-04-04;65.61;66.05;65.16
2024-04-05;52.61;38.71;66.5
2024-04-06;37.88;20.28;55.48
2024-04-07;20.78;11.64;29.92
2024-04-08;73.63;64.1;83.15
2024-04-09;59.37;48.35;70.39
2024-04-10;68.55;74.04;63.05
2024-04-11;58.5;39.69;77.31
2024-04-12;59.9;39.89;79.91
2024-04-13;17.72;-5.38;40.81
2024-04-14;16.08;-5.04;37.2
2024-04-15;80.23;74.4;86.07
2024-04-16;66.85;72.82;60.88
2024-04-17;93.18;92.21;94.15
2024-04-18;95.12;90.03;100.2
2024-04-19;69.15;66.99;71.31
2024-04-20;59.91;46.0;73.82
2024-04-21;54.59;34.04;75.13
2024-04-22;98.46;95.09;101.84
2024-04-23;100.29;96.05;104.54
2024-04-24;97.54;96.95;98.12
2024-04-25;91.27;86.55;95.98
2024-04-26;86.4;81.38;91.42
2024-04-27;61.72;37.8;85.65
2024-04-28;13.19;-18.54;44.93
2024-04-29;78.66;65.04;92.29
2024-04-30;66.69;49.98;83.41
2024-05-01;6.12;-31.72;43.96
2024-05-02;38.54;29.42;47.66
2024-05-03;79.32;78.94;79.7
2024-05-04;73.03;51.57;94.5
2024-05-05;53.45;23.46;83.44
2024-05-06;88.8;81.3;96.3
2024-05-07;92.84;89.19;96.5
2024-05-08;90.05;85.6;94.51
2024-05-09;61.9;28.42;95.38
2024-05-10;74.97;49.54;100.4
2024-05-11;54.29;16.35;92.24
2024-05-12;6.25;-39.4;51.9
2024-05-13;48.88;36.29;61.46
2024-05-14;39.75;13.16;66.34
2024-05-15;53.11;35.42;70.8
2024-05-16;59.02;47.28;70.76
2024-05-17;83.68;84.59;82.77
2024-05-18;56.51;30.22;82.81
2024-05-19;51.6;11.37;91.82
2024-05-20;70.57;40.04;101.1
2024-05-21;83.96;78.25;89.67
2024-05-22;86.97;83.83;90.11
2024-05-23;93.15;82.3;103.99
2024-05-24;99.56;93.42;105.7
2024-05-25;71.48;41.27;101.7
2024-05-26;58.52;19.15;97.9
2024-05-27;101.85;95.02;108.68
2024-05-28;90.94;80.1;101.77
2024-05-29;81.99;77.8;86.18
2024-05-30;96.14;85.15;107.13
2024-05-31;90.64;86.89;94.38
2024-06-01;60.56;41.14;79.98
2024-06-02;27.15;5.8;48.51
2024-06-03;116.91;106.88;126.93
2024-06-04;107.55;91.85;123.24
2024-06-05;89.42;74.98;103.87
2024-06-06;87.7;60.36;115.04
2024-06-07;83.02;56.6;109.45
2024-06-08;47.91;10.13;85.69
2024-06-09;28.55;2.95;54.16
2024-06-10;95.31;91.81;98.82
2024-06-11;74.65;64.71;84.59
2024-06-12;92.6;75.97;109.24
2024-06-13;97.08;82.1;112.06
2024-06-14;76.12;72.14;80.11
2024-06-15;9.11;-21.94;40.16
2024-06-16;23.06;1.21;44.91
2024-06-17;96.8;78.85;114.74
2024-06-18;97.89;81.41;114.37
2024-06-19;91.46;71.85;111.08
2024-06-20;97.96;87.04;108.89
2024-06-21;91.33;91.72;90.94
2024-06-22;51.52;27.4;75.64
2024-06-23;47.87;17.38;78.37
2024-06-24;99.45;75.86;123.04
2024-06-25;95.15;85.31;104.99
2024-06-26;108.71;102.34;115.09
2024-06-27;100.54;80.92;120.17
2024-06-28;79.33;51.59;107.06
2024-06-29;68.12;32.66;103.59
2024-06-30;42.79;15.81;69.77
2024-07-01;104.7;102.08;107.32
2024-07-02;85.12;79.08;91.15
2024-07-03;93.58;90.03;97.13
2024-07-04;54.99;37.73;72.24
2024-07-05;36.4;16.87;55.92
2024-07-06;4.48;-12.77;21.72
2024-07-07;22.02;9.33;34.71
2024-07-08;93.15;73.56;112.74
2024-07-09;84.8;65.81;103.78
2024-07-10;87.57;79.02;96.11
2024-07-11;100.01;84.4;115.63
2024-07-12;80.9;83.69;78.12
2024-07-13;13.6;-1.59;28.8
2024-07-14;13.95;-25.27;53.16
2024-07-15;82.06;71.61;92.51
2024-07-16;64.38;61.6;67.16
2024-07-17;74.63;61.92;87.34
2024-07-18;80.41;64.73;96.1
2024-07-19;74.96;59.92;90.0
2024-07-20;58.51;34.77;82.24
2024-07-21;48.07;23.31;72.84
2024-07-22;98.13;77.94;118.32
2024-07-23;87.49;77.66;97.32
2024-07-24;74.3;51.95;96.65
2024-07-25;92.14;94.54;89.75
2024-07-26;93.97;85.93;102.0
2024-07-27;81.41;61.71;101.12
2024-07-28;47.48;4.06;90.9
2024-07-29;72.9;42.49;103.31
2024-07-30;79.18;50.29;108.08
2024-07-31;81.57;57.35;105.79
2024-08-01;97.29;86.55;108.02
2024-08-02;95.08;86.96;103.2
2024-08-03;74.26;46.3;102.23
2024-08-04;60.67;24.28;97.06
2024-08-05;109.44;95.6;123.27
2024-08-06;89.85;58.17;121.53
2024-08-07;100.24;85.7;114.78
2024-08-08;100.63;89.3;111.95
2024-08-09;68.89;41.72;96.07
2024-08-10;53.17;5.7;100.64
2024-08-11;55.39;4.69;106.08
2024-08-12;94.05;68.61;119.49
2024-08-13;102.65;91.6;113.71
2024-08-14;109.06;99.9;118.22
2024-08-15;88.5;61.88;115.12
2024-08-16;112.24;101.68;122.8
2024-08-17;94.74;78.14;111.34
2024-08-18;82.54;63.18;101.9
2024-08-19;108.36;105.23;111.48
2024-08-20;98.48;92.25;104.71
2024-08-21;78.18;67.91;88.46
2024-08-22;79.21;63.02;95.39
2024-08-23;66.82;36.93;96.72
2024-08-24;67.43;32.8;102.06
2024-08-25;25.54;14.16;36.91
2024-08-26;98.56;88.02;109.1
2024-08-27;91.64;76.4;106.89
2024-08-28;114.49;118.34;110.65
2024-08-29;126.93;127.17;126.7
2024-08-30;121.59;123.85;119.33
2024-08-31;86.91;64.54;109.28
2024-09-01;69.76;44.42;95.1
2024-09-02;128.54;142.86;114.22
2024-09-03;146.85;146.61;147.09
2024-09-04;122.27;128.78;115.77
2024-09-05;81.95;70.53;93.37
2024-09-06;90.49;89.09;91.9
2024-09-07;79.63;59.2;100.06
2024-09-08;70.76;47.16;94.35
2024-09-09;100.97;110.01;91.93
2024-09-10;79.69;71.92;87.46
2024-09-11;78.16;83.53;72.79
2024-09-12;112.56;113.48;111.65
2024-09-13;93.62;96.12;91.13
2024-09-14;56.77;45.06;68.48
2024-09-15;60.95;39.49;82.4
2024-09-16;101.3;107.85;94.75
2024-09-17;93.05;91.88;94.22
2024-09-18;80.21;65.9;94.53
2024-09-19;80.62;69.01;92.22
2024-09-20;78.63;65.14;92.13
2024-09-21;72.08;50.74;93.42
2024-09-22;74.12;50.79;97.45
2024-09-23;116.94;122.11;111.76
2024-09-24;91.19;92.87;89.51
2024-09-25;75.01;77.8;72.22
2024-09-26;55.05;51.69;58.42
2024-09-27;31.0;40.61;21.4
2024-09-28;30.02;27.59;32.44
2024-09-29;55.41;46.45;64.36
2024-09-30;48.38;55.96;40.8
2024-10-01;74.17;97.44;50.9
2024-10-02;106.85;118.9;94.8
2024-10-03;90.97;99.18;82.76
2024-10-04;98.79;106.67;90.92
2024-10-05;86.85;87.61;86.08
2024-10-06;60.51;51.51;69.51
2024-10-07;89.86;105.69;74.03
2024-10-08;83.63;86.23;81.03
2024-10-09;82.32;87.51;77.13
2024-10-10;59.4;58.19;60.61
2024-10-11;95.07;99.98;90.16
2024-10-12;60.22;55.22;65.21
2024-10-13;11.52;7.84;15.2
2024-10-14;104.18;127.96;80.39
2024-10-15;106.44;114.6;98.29
2024-10-16;48.49;51.17;45.81
2024-10-17;70.91;88.68;53.13
2024-10-18;92.37;96.8;87.94
2024-10-19;79.86;78.44;81.28
2024-10-20;35.03;25.1;44.96
2024-10-21;87.56;120.44;54.67
2024-10-22;107.02;112.64;101.4
2024-10-23;115.56;129.23;101.89
2024-10-24;110.65;120.88;100.42
2024-10-25;114.08;125.14;103.02
2024-10-26;105.15;103.72;106.58
2024-10-27;89.68;86.82;92.32
2024-10-28;117.47;128.37;106.57
2024-10-29;141.58;167.73;115.42
2024-10-30;124.84;136.96;112.71
2024-10-31;105.61;111.45;99.77
2024-11-01;93.91;93.0;94.81
2024-11-02;106.34;113.72;98.96
2024-11-03;94.26;91.66;96.87
2024-11-04;130.06;152.87;107.26
2024-11-05;161.93;208.46;115.39
2024-11-06;223.71;311.96;135.45
2024-11-07;156.34;189.8;122.89
2024-11-08;114.93;119.26;110.6
2024-11-09;114.42;121.84;107.0
2024-11-10;114.14;121.89;106.38
2024-11-11;113.62;119.73;107.5
2024-11-12;150.19;178.0;122.39
2024-11-13;159.41;195.49;123.34
2024-11-14;116.82;116.7;116.94
2024-11-15;118.87;127.66;110.08
2024-11-16;131.75;136.8;126.7
2024-11-17;155.84;154.48;157.2
2024-11-18;132.74;140.36;125.11
2024-11-19;119.51;130.58;108.44
2024-11-20;125.5;136.96;114.04
2024-11-21;124.17;137.27;111.06
2024-11-22;123.26;137.59;108.92
2024-11-23;123.41;133.4;113.42
2024-11-24;143.21;155.57;130.86
2024-11-25;151.32;143.06;159.58
2024-11-26;146.26;163.32;129.2
2024-11-27;152.95;168.07;137.84
2024-11-28;147.31;159.8;134.82
2024-11-29;133.73;148.08;119.38
2024-11-30;116.86;124.18;109.54
2024-12-01;104.52;110.72;98.32
2024-12-02;138.27;151.26;125.28
2024-12-03;166.11;191.96;140.26
2024-12-04;185.94;236.52;135.35
2024-12-05;144.65;158.54;130.75
2024-12-06;146.96;168.24;125.68
2024-12-07;117.78;144.33;91.23
2024-12-08;113.54;127.89;99.19
2024-12-09;111.1;137.37;84.84
2024-12-10;151.43;186.69;116.17
2024-12-11;263.07;378.28;147.86
2024-12-12;360.48;538.17;182.79
2024-12-13;178.53;220.0;137.05
2024-12-14;121.57;136.95;106.18
2024-12-15;116.76;132.24;101.28
2024-12-16;120.99;127.96;114.01
2024-12-17;115.04;122.99;107.1
2024-12-18;101.7;121.05;82.34
2024-12-19;86.13;110.23;62.02
2024-12-20;90.66;104.14;77.17
2024-12-21;86.29;105.48;67.1
2024-12-22;95.41;124.03;66.79
2024-12-23;93.98;127.67;60.28
2024-12-24;102.49;116.62;88.36
2024-12-25;98.71;104.2;93.21
2024-12-26;113.05;120.28;105.82
2024-12-27;121.8;130.74;112.85
2024-12-28;121.76;127.58;115.94
2024-12-29;109.04;111.39;106.7
2024-12-30;111.38;123.54;99.22
2024-12-31;114.74;134.56;94.93
2025-01-01;62.4;58.29;66.51
2025-01-02;106.88;132.95;80.82
2025-01-03;115.98;127.44;104.51
2025-01-04;122.1;133.4;110.8
2025-01-05;112.78;112.13;113.43
2025-01-06;114.48;126.29;102.67
2025-01-07;113.91;139.71;88.1
2025-01-08;116.75;128.46;105.04
2025-01-09;121.24;134.58;107.91
2025-01-10;112.33;126.41;98.25
2025-01-11;102.93;105.8;100.06
2025-01-12;110.84;121.22;100.46
2025-01-13;130.27;143.15;117.4
2025-01-14;125.69;134.37;117.0
2025-01-15;216.65;302.76;130.55
2025-01-16;146.7;162.68;130.72
2025-01-17;146.52;159.71;133.33
2025-01-18;134.03;139.08;128.97
2025-01-19;128.55;129.8;127.31
2025-01-20;229.93;306.48;153.38
2025-01-21;153.78;179.88;127.69
2025-01-22;152.96;179.95;125.96
2025-01-23;133.33;148.87;117.79
2025-01-24;127.44;151.71;103.18
2025-01-25;105.21;109.57;100.86
2025-01-26;111.12;114.71;107.54
2025-01-27;124.43;136.22;112.64
2025-01-28;115.21;133.47;96.95
2025-01-29;110.52;117.74;103.29
2025-01-30;132.43;146.26;118.6
2025-01-31;142.66;150.34;134.99
2025-02-01;135.76;137.93;133.6
2025-02-02;137.3;139.89;134.71
2025-02-03;154.48;165.65;143.31
2025-02-04;144.28;151.88;136.68
2025-02-05;142.67;151.84;133.5
2025-02-06;149.46;163.85;135.07
2025-02-07;127.56;134.05;121.06
2025-02-08;111.14;114.74;107.54
2025-02-09;126.32;123.6;129.05
2025-02-10;130.45;139.88;121.02
2025-02-11;129.72;134.77;124.67
2025-02-12;151.74;165.77;137.71
2025-02-13;180.17;203.21;157.13
2025-02-14;178.79;204.3;153.27
2025-02-15;132.6;137.11;128.09
2025-02-16;133.46;138.38;128.54
2025-02-17;154.04;166.44;141.64
2025-02-18;132.98;136.74;129.21
2025-02-19;121.42;125.69;117.15
2025-02-20;119.89;115.91;123.86
2025-02-21;110.0;119.29;100.72
2025-02-22;82.23;78.85;85.61
2025-02-23;100.06;107.12;93.0
2025-02-24;105.77;116.17;95.37
2025-02-25;132.24;156.28;108.2
2025-02-26;134.51;143.81;125.21
2025-02-27;127.91;137.94;117.87
2025-02-28;126.86;132.5;121.22
2025-03-01;122.77;123.47;122.06
2025-03-02;90.13;75.2;105.06
2025-03-03;112.91;102.24;123.58
2025-03-04;106.81;97.18;116.43
2025-03-05;80.68;65.0;96.35
2025-03-06;86.98;74.52;99.45
2025-03-07;105.61;95.14;116.08
2025-03-08;91.39;67.88;114.9
2025-03-09;78.18;51.17;105.19
2025-03-10;113.18;111.84;114.53
2025-03-11;125.28;131.04;119.53
2025-03-12;124.31;129.98;118.65
2025-03-13;124.79;132.74;116.84
2025-03-14;121.79;126.64;116.93
2025-03-15;93.33;86.22;100.44
2025-03-16;75.37;61.04;89.7
2025-03-17;104.09;103.06;105.12
2025-03-18;92.27;73.05;111.48
2025-03-19;105.2;83.99;126.42
2025-03-20;109.32;93.95;124.69
2025-03-21;100.02;75.47;124.56
2025-03-22;78.59;64.32;92.86
2025-03-23;61.57;53.78;69.35
2025-03-24;130.77;137.5;124.03
2025-03-25;118.62;121.34;115.9
2025-03-26;115.8;116.66;114.95
2025-03-27;100.93;88.96;112.9
2025-03-28;97.09;88.3;105.89
2025-03-29;96.25;93.57;98.92
2025-03-30;20.06;5.92;35.48
2025-03-31;109.48;113.82;105.15
2025-04-01;98.44;86.76;110.11
2025-04-02;78.45;65.86;91.03
2025-04-03;81.37;55.99;106.75
2025-04-04;91.06;60.0;122.12
2025-04-05;54.88;15.02;94.73
2025-04-06;40.21;-6.75;87.16
2025-04-07;100.16;86.89;113.42
2025-04-08;104.66;89.34;119.98
2025-04-09;94.07;72.76;115.38
2025-04-10;89.16;69.64;108.67
2025-04-11;69.79;40.93;98.66
2025-04-12;66.97;34.82;99.12
2025-04-13;39.54;17.34;61.74
2025-04-14;100.62;98.4;102.85
2025-04-15;90.7;91.42;89.97
2025-04-16;86.74;66.92;106.55
2025-04-17;88.8;79.05;98.56
2025-04-18;89.37;86.03;92.7
2025-04-19;69.42;38.28;100.56
2025-04-20;58.26;8.58;107.94
2025-04-21;73.77;40.78;106.76
2025-04-22;112.81;103.37;122.24
2025-04-23;110.62;103.91;117.34
2025-04-24;96.98;93.86;100.1
2025-04-25;88.92;80.46;97.39
2025-04-26;57.84;24.0;91.68
2025-04-27;32.21;-13.8;78.21
2025-04-28;76.16;40.56;111.76
2025-04-29;72.79;41.48;104.09
2025-04-30;74.87;41.55;108.19
2025-05-01;44.99;-8.47;98.45
2025-05-02;61.44;32.62;90.26
2025-05-03;54.47;20.82;88.12
2025-05-04;33.68;15.28;52.07
2025-05-05;92.22;86.18;98.26
2025-05-06;93.84;83.31;104.36
2025-05-07;100.25;91.52;108.98
2025-05-08;103.11;91.81;114.41
2025-05-09;81.62;50.61;112.63
2025-05-10;52.79;-2.03;107.62
2025-05-11;24.18;-49.75;98.11
2025-05-12;79.96;48.18;111.75
2025-05-13;84.16;45.85;122.46
2025-05-14;71.61;30.34;112.87
2025-05-15;78.49;49.31;107.66
2025-05-16;81.3;56.63;105.96
2025-05-17;59.51;18.76;100.26
2025-05-18;63.15;21.48;104.82
2025-05-19;96.74;66.9;126.57
2025-05-20;93.69;60.42;126.96
2025-05-21;93.33;83.02;103.63
2025-05-22;103.64;100.33;106.94
2025-05-23;94.89;71.21;118.56
2025-05-24;61.33;26.75;95.92
2025-05-25;26.66;7.32;46.01
2025-05-26;86.17;57.96;114.37
2025-05-27;72.68;44.86;100.51
2025-05-28;90.77;84.82;96.72
2025-05-29;61.22;29.26;93.18
2025-05-30;54.96;27.03;82.88
2025-05-31;70.36;24.16;116.56
2025-06-01;38.94;2.21;75.67
2025-06-02;95.85;67.66;124.03
2025-06-03;86.33;52.85;119.8
2025-06-04;82.66;67.14;98.18
2025-06-05;84.71;62.68;106.74
2025-06-06;59.82;30.25;89.39
2025-06-07;65.03;34.25;95.81
2025-06-08;62.55;35.2;89.91
2025-06-09;64.3;36.8;91.79
2025-06-10;67.05;48.56;85.54
2025-06-11;78.16;43.66;112.66
2025-06-12;69.0;29.5;108.49
2025-06-13;68.14;40.09;96.19
2025-06-14;50.43;9.06;91.8
2025-06-15;62.59;23.54;101.64
2025-06-16;102.73;90.63;114.84
2025-06-17;87.17;45.29;129.05
2025-06-18;86.12;51.63;120.62
2025-06-19;73.42;37.65;109.2
2025-06-20;87.07;47.8;126.35
2025-06-21;73.19;27.09;119.3
2025-06-22;45.48;-7.33;98.3
2025-06-23;109.1;118.46;99.74
2025-06-24;102.21;88.8;115.62
2025-06-25;92.79;68.08;117.5
2025-06-26;105.82;95.63;116.01
2025-06-27;90.82;85.69;95.95
2025-06-28;57.37;24.2;90.54
2025-06-29;57.83;20.8;94.86
2025-06-30;104.86;79.49;130.23
2025-07-01;137.19;103.13;171.24
2025-07-02;112.68;95.39;129.97
2025-07-03;98.13;85.48;110.78
2025-07-04;99.17;81.76;107.87
2025-07-05;64.47;28.23;100.7
2025-07-06;79.54;54.28;104.81
2025-07-07;114.45;112.29;116.6
2025-07-08;96.77;88.93;104.61
2025-07-09;91.33;78.93;103.73
2025-07-10;90.0;74.54;105.46
2025-07-11;89.41;76.38;102.45
2025-07-12;72.24;39.71;104.77
2025-07-13;72.27;34.37;110.17
2025-07-14;104.56;88.68;120.44
2025-07-15;96.68;83.44;109.91
2025-07-16;99.43;94.45;104.41
2025-07-17;98.3;87.68;108.92
2025-07-18;101.2;89.36;113.05
2025-07-19;71.35;41.0;101.71
2025-07-20;72.54;43.24;101.83
2025-07-21;100.17;101.14;99.2
2025-07-22;85.03;74.5;95.57
2025-07-23;95.48;90.58;100.38
2025-07-24;99.63;95.15;104.1
2025-07-25;104.81;96.43;113.18
2025-07-26;91.7;80.87;102.53
2025-07-27;77.23;58.28;96.18
2025-07-28;92.03;90.45;93.61
2025-07-29;79.01;57.86;100.16
2025-07-30;76.95;57.1;96.79
2025-07-31;85.78;74.56;97.0
2025-08-01;89.43;78.41;100.46
2025-08-02;66.12;36.65;95.58
2025-08-03;39.86;8.42;71.3
2025-08-04;65.62;51.6;79.63
2025-08-05;43.75;24.18;63.32
2025-08-06;62.81;31.09;94.53
2025-08-07;69.6;34.05;105.15
2025-08-08;74.87;42.94;106.8
2025-08-09;62.67;21.86;103.48
2025-08-10;47.33;3.01;91.64
2025-08-11;84.38;52.59;116.16
2025-08-12;87.04;64.16;109.91
2025-08-13;95.9;77.21;114.58
2025-08-14;105.17;91.46;118.87
2025-08-15;73.38;45.5;101.25
2025-08-16;62.81;35.9;89.73
2025-08-17;63.16;33.13;93.18
2025-08-18;91.77;73.63;109.92
2025-08-19;88.32;71.12;105.52
2025-08-20;91.23;80.46;102.0
2025-08-21;96.89;91.08;102.7
2025-08-22;73.39;54.04;92.73
2025-08-23;67.46;38.37;96.54
2025-08-24;62.02;25.89;98.15
2025-08-25;88.53;64.17;112.89
2025-08-26;100.13;86.14;114.12
2025-08-27;104.63;97.41;111.86
2025-08-28;101.32;95.66;106.97
2025-08-29;98.37;96.32;100.42
2025-08-30;72.25;48.03;96.47
2025-08-31;58.2;32.62;83.77
2025-09-01;101.92;94.62;109.21
2025-09-02;120.88;121.51;120.24
2025-09-03;80.98;60.27;101.7
2025-09-04;94.49;91.04;97.95
2025-09-05;101.88;99.85;103.92
2025-09-06;75.21;48.77;101.66
2025-09-07;47.11;5.95;88.27
2025-09-08;125.5;127.11;123.88
2025-09-09;140.01;140.44;139.58
2025-09-10;126.13;131.83;120.43
2025-09-11;88.52;83.69;93.34
2025-09-12;85.93;88.55;83.32
2025-09-13;67.89;46.01;89.78
2025-09-14;73.72;56.35;91.09
2025-09-15;74.13;71.1;77.16
2025-09-16;101.34;112.99;89.69
2025-09-17;79.1;72.91;85.29
2025-09-18;74.87;67.21;82.52
2025-09-19;96.1;95.78;96.42
2025-09-20;58.98;37.59;80.36
2025-09-21;30.38;25.03;35.72
2025-09-22;101.54;103.78;99.3
2025-09-23;109.86;115.49;104.23
2025-09-24;77.64;72.14;83.14
2025-09-25;93.88;99.95;87.8
2025-09-26;98.14;104.99;91.29
2025-09-27;92.9;91.2;94.59
2025-09-28;85.32;70.82;99.82
2025-09-29;128.38;142.46;114.3
2025-09-30;133.77;150.38;117.16
2025-10-01;117.49;128.37;106.62
2025-10-02;106.16;106.18;106.15
2025-10-03;81.03;77.55;84.5
2025-10-04;30.78;30.83;30.72
2025-10-05;32.21;37.27;27.15
2025-10-06;94.18;105.96;82.41
2025-10-07;138.54;160.08;117.0
2025-10-08;117.38;128.43;106.33
2025-10-09;104.79;108.54;101.04
2025-10-10;93.24;96.62;89.87
2025-10-11;91.38;87.26;95.5
2025-10-12;88.89;82.84;94.93
2025-10-13;135.1;151.88;118.32
2025-10-14;157.23;187.02;127.45
2025-10-15;142.88;159.45;126.3
2025-10-16;102.49;106.16;98.81
2025-10-17;107.74;115.58;99.9
2025-10-18;92.81;97.12;88.5
2025-10-19;80.43;76.24;84.61
2025-10-20;90.23;100.1;80.35
2025-10-21;86.9;98.05;75.75
2025-10-22;129.46;145.75;113.17
2025-10-23;96.04;95.31;96.77
2025-10-24;97.38;133.12;61.63
2025-10-25;46.68;64.06;29.3
2025-10-26;63.25;74.78;52.6
2025-10-27;84.2;112.48;55.92
2025-10-28;76.67;94.18;59.15
2025-10-29;95.05;103.9;86.21
2025-10-30;82.86;82.47;83.25
2025-10-31;103.0;110.5;95.49
2025-11-01;66.95;57.29;76.6
2025-11-02;92.4;99.6;85.2
2025-11-03;90.48;96.45;84.52
2025-11-04;87.28;99.3;75.26
2025-11-05;94.22;102.68;85.77
2025-11-06;104.03;108.25;99.8
2025-11-07;110.4;121.11;99.69
2025-11-08;107.33;112.96;101.71
2025-11-09;102.93;109.01;96.86
2025-11-10;121.26;139.83;102.69
2025-11-11;104.04;113.6;94.47
2025-11-12;95.63;101.13;90.13
2025-11-13;88.54;99.25;77.83
2025-11-14;115.47;124.99;105.95
2025-11-15;98.63;107.84;89.41
2025-11-16;103.78;112.79;94.77
2025-11-17;102.83;116.24;89.42
2025-11-18;105.22;117.86;92.57
2025-11-19;110.3;121.61;98.98
2025-11-20;129.19;153.37;105.0
2025-11-21;147.15;182.01;112.28
2025-11-22;102.23;110.14;94.33
2025-11-23;88.74;99.1;78.37
2025-11-24;151.76;196.71;106.81
2025-11-25;227.31;320.14;134.48
2025-11-26;161.63;213.25;110.0
2025-11-27;110.4;127.13;93.67
2025-11-28;114.76;131.55;97.97
2025-11-29;108.87;114.66;103.07
2025-11-30;101.3;106.82;95.79
2025-12-01;132.97;156.32;109.61
2025-12-02;139.85;156.58;123.12
2025-12-03;166.47;213.8;119.14
2025-12-04;130.5;152.03;108.96
2025-12-05;133.52;162.23;104.82
2025-12-06;96.63;107.34;85.91
2025-12-07;89.63;101.17;78.1
2025-12-08;104.54;117.46;91.62
2025-12-09;107.33;123.41;91.26
2025-12-10;97.34;106.58;88.09
2025-12-11;102.9;110.13;95.67
2025-12-12;116.95;130.48;103.43
2025-12-13;101.71;108.72;94.69
2025-12-14;96.88;105.08;88.68
2025-12-15;106.83;120.81;92.85
2025-12-16;120.37;131.79;108.95
2025-12-17;117.74;131.67;103.8
2025-12-18;103.31;117.03;89.58
2025-12-19;100.9;109.38;92.41
2025-12-20;107.28;119.02;95.54
2025-12-21;100.14;107.78;92.51
2025-12-22;101.24;113.13;89.35
2025-12-23;96.47;110.76;82.17
2025-12-24;85.23;98.66;71.81
2025-12-25;82.07;84.48;79.66
2025-12-26;97.94;101.1;94.78
2025-12-27;97.43;101.31;93.55
2025-12-28;95.07;96.71;93.44
2025-12-29;100.17;107.34;92.99
2025-12-30;90.71;94.67;86.74
2025-12-31;97.52;102.76;92.27
