Plynárenský den;Zobchodované množství (MWh);Vážený průměr cen (EUR/MWh);Částka (EUR);"Index OTE (EUR/MWh)"
25.12.2022;9,487.2;75.440;715,687.29;75.437
26.12.2022;20,134.3;72.460;1,458,967.33;72.462
27.12.2022;13,199.9;78.690;1,038,735.22;78.693
28.12.2022;7,073.0;75.910;536,887.60;75.907
29.12.2022;9,236.5;79.760;736,719.01;79.762
30.12.2022;20,321.0;75.340;1,530,973.55;75.339
31.12.2022;4,924.1;69.520;342,347.84;69.525
01.01.2023;15,733.7;65.240;1,026,466.47;65.240
02.01.2023;24,156.2;70.420;1,701,189.27;70.425
03.01.2023;22,199.1;72.330;1,605,673.94;72.331
04.01.2023;11,228.5;68.730;771,717.85;68.728
05.01.2023;24,697.8;64.490;1,592,842.48;64.493
06.01.2023;14,539.9;70.710;1,028,135.04;70.711
07.01.2023;7,106.8;67.420;479,174.41;67.425
08.01.2023;16,712.4;65.890;1,101,160.13;65.889
09.01.2023;11,461.2;69.920;801,417.85;69.924
10.01.2023;11,236.1;71.950;808,396.24;71.946
11.01.2023;11,923.4;67.580;805,727.94;67.575
12.01.2023;12,613.4;67.310;848,949.28;67.305
13.01.2023;22,726.8;64.660;1,469,454.40;64.657
14.01.2023;8,617.4;65.630;565,601.44;65.635
15.01.2023;10,496.2;66.080;693,633.99;66.084
16.01.2023;20,398.2;60.840;1,240,956.53;60.837
17.01.2023;27,862.4;57.730;1,608,366.97;57.725
18.01.2023;12,602.6;62.230;784,232.53;62.228
19.01.2023;12,913.6;63.420;818,944.17;63.417
20.01.2023;12,144.1;65.780;798,805.74;65.777
21.01.2023;10,038.0;69.400;696,598.43;69.396
22.01.2023;10,501.9;70.250;737,713.97;70.246
23.01.2023;16,242.8;68.130;1,106,561.13;68.126
24.01.2023;25,820.1;63.520;1,640,137.98;63.522
25.01.2023;18,531.0;60.670;1,124,365.39;60.675
26.01.2023;21,374.6;59.500;1,271,818.31;59.501
27.01.2023;20,967.2;56.970;1,194,483.31;56.969
28.01.2023;11,245.3;57.250;643,774.18;57.248
29.01.2023;12,375.8;59.160;732,211.66;59.165
30.01.2023;17,452.0;59.230;1,033,714.90;59.232
31.01.2023;26,235.9;60.150;1,578,147.72;60.152
01.02.2023;15,198.0;60.670;922,124.06;60.674
02.02.2023;13,018.9;60.370;785,897.79;60.366
03.02.2023;14,997.7;59.720;895,634.40;59.718
04.02.2023;14,039.2;61.610;865,017.65;61.614
05.02.2023;19,884.0;65.400;1,300,508.77;65.405
06.02.2023;19,884.5;63.470;1,262,006.84;63.467
07.02.2023;39,112.4;59.520;2,328,120.49;59.524
08.02.2023;27,493.3;57.780;1,588,529.08;57.779
09.02.2023;37,226.5;55.840;2,078,875.36;55.844
10.02.2023;17,125.7;55.970;958,565.92;55.972
11.02.2023;14,207.3;56.010;795,785.19;56.012
12.02.2023;19,084.5;54.980;1,049,179.55;54.975
13.02.2023;29,169.5;53.840;1,570,540.56;53.842
14.02.2023;17,801.6;54.140;963,697.20;54.135
15.02.2023;18,735.3;55.620;1,042,088.98;55.622
16.02.2023;19,620.9;54.770;1,074,635.09;54.770
17.02.2023;18,478.3;52.230;965,085.59;52.228
18.02.2023;9,019.4;50.490;455,419.12;50.493
19.02.2023;6,147.9;49.880;306,644.81;49.878
20.02.2023;16,964.3;51.740;877,797.06;51.744
21.02.2023;11,419.3;50.360;575,091.93;50.361
22.02.2023;17,593.7;51.460;905,416.23;51.463
23.02.2023;18,585.9;51.210;951,747.47;51.208
24.02.2023;22,605.5;53.400;1,207,140.10;53.400
25.02.2023;7,945.6;52.750;419,119.92;52.749
26.02.2023;12,728.2;51.860;660,058.67;51.858
27.02.2023;22,577.1;51.710;1,167,353.41;51.705
28.02.2023;35,842.4;49.860;1,787,202.70;49.863
01.03.2023;21,249.2;49.800;1,058,211.38;49.800
02.03.2023;21,801.5;49.740;1,084,438.10;49.741
03.03.2023;26,026.2;49.040;1,276,446.26;49.045
04.03.2023;8,104.3;47.970;388,745.75;47.968
05.03.2023;12,845.6;50.340;646,622.89;50.338
06.03.2023;25,721.4;46.610;1,198,785.53;46.607
07.03.2023;16,065.8;45.490;730,845.93;45.491
08.03.2023;15,861.6;45.410;720,248.87;45.408
09.03.2023;16,139.9;44.250;714,185.41;44.250
10.03.2023;5,720.6;48.060;274,950.35;48.063
11.03.2023;4,794.8;54.890;263,179.80;54.889
12.03.2023;9,702.8;52.460;509,036.58;52.463
13.03.2023;12,522.5;51.890;649,744.65;51.886
14.03.2023;26,822.8;48.880;1,311,149.13;48.882
15.03.2023;18,443.8;45.260;834,813.48;45.263
16.03.2023;13,243.6;44.870;594,210.21;44.868
17.03.2023;10,864.9;44.230;480,570.83;44.232
18.03.2023;4,569.6;43.040;196,682.00;43.041
19.03.2023;5,797.5;43.380;251,476.86;43.377
20.03.2023;9,385.1;42.800;401,656.95;42.797
21.03.2023;7,220.3;41.740;301,398.16;41.743
22.03.2023;7,834.5;41.390;324,256.06;41.388
23.03.2023;6,969.7;42.330;295,061.64;42.335
24.03.2023;7,908.9;43.140;341,150.53;43.135
25.03.2023;5,305.4;42.870;227,456.12;42.873
26.03.2023;6,878.9;43.180;297,018.82;43.178
27.03.2023;9,302.0;43.340;403,157.86;43.341
28.03.2023;10,563.9;44.230;467,198.31;44.226
29.03.2023;11,790.7;44.190;521,003.42;44.188
30.03.2023;5,840.2;44.110;257,631.45;44.113
31.03.2023;16,538.4;48.220;797,557.77;48.225
01.04.2023;13,690.9;48.890;669,364.39;48.891
02.04.2023;7,310.5;49.290;360,345.30;49.291
03.04.2023;17,519.3;52.280;915,841.47;52.276
04.04.2023;36,057.2;52.380;1,888,657.26;52.379
05.04.2023;19,571.1;51.060;999,358.60;51.063
06.04.2023;25,373.2;47.110;1,195,430.06;47.114
07.04.2023;9,449.0;46.710;441,325.82;46.706
08.04.2023;9,525.7;47.740;454,771.75;47.742
09.04.2023;14,595.2;45.940;670,451.76;45.936
10.04.2023;13,856.5;44.890;621,980.30;44.887
11.04.2023;9,062.5;44.760;405,604.14;44.756
12.04.2023;13,711.7;45.600;625,279.95;45.602
13.04.2023;17,176.5;45.350;779,038.98;45.355
14.04.2023;22,455.1;44.230;993,199.85;44.230
15.04.2023;30,776.4;43.580;1,341,162.54;43.578
16.04.2023;2,413.6;44.590;107,633.04;44.594
17.04.2023;9,185.2;44.560;409,260.33;44.557
18.04.2023;12,409.0;44.340;550,246.32;44.343
19.04.2023;27,918.2;44.120;1,231,878.67;44.125
20.04.2023;17,894.9;43.800;783,796.21;43.800
21.04.2023;23,090.8;42.680;985,626.66;42.685
22.04.2023;18,592.9;42.260;785,666.38;42.256
23.04.2023;13,241.2;41.950;555,510.93;41.953
24.04.2023;16,226.9;41.290;669,996.95;41.289
25.04.2023;14,924.4;42.290;631,201.62;42.293
26.04.2023;14,597.9;41.550;606,494.08;41.547
27.04.2023;27,799.8;41.010;1,140,002.28;41.008
28.04.2023;12,165.9;40.850;496,953.68;40.848
29.04.2023;10,196.3;40.540;413,331.50;40.537
30.04.2023;9,336.5;40.190;375,238.15;40.190
01.05.2023;5,964.1;40.510;241,624.46;40.513
02.05.2023;9,945.1;41.000;407,729.07;40.998
03.05.2023;22,642.3;39.790;900,992.14;39.792
04.05.2023;18,640.5;38.610;719,729.33;38.611
05.05.2023;21,499.2;37.580;807,891.45;37.578
06.05.2023;8,321.5;37.980;316,027.97;37.977
07.05.2023;4,566.2;38.240;174,610.71;38.240
08.05.2023;8,341.5;38.920;324,660.30;38.921
09.05.2023;9,914.7;38.890;385,565.50;38.888
10.05.2023;22,859.0;38.120;871,391.11;38.120
11.05.2023;15,161.4;37.290;565,436.69;37.294
12.05.2023;14,357.6;35.690;512,453.56;35.692
13.05.2023;7,252.3;35.410;256,786.22;35.408
14.05.2023;4,692.8;35.560;166,893.04;35.564
15.05.2023;9,397.6;34.700;326,131.20;34.704
16.05.2023;18,940.0;34.280;649,321.55;34.283
17.05.2023;11,883.8;34.560;410,733.46;34.562
18.05.2023;23,149.1;33.870;783,959.36;33.866
19.05.2023;20,498.0;31.400;643,709.29;31.404
20.05.2023;6,608.4;30.970;204,660.28;30.970
21.05.2023;1,209.0;31.290;37,825.34;31.286
22.05.2023;5,460.6;31.170;170,230.79;31.174
23.05.2023;9,819.4;31.480;309,098.32;31.478
24.05.2023;18,639.8;31.560;588,306.17;31.562
25.05.2023;18,978.1;30.090;571,085.63;30.092
26.05.2023;22,367.7;27.940;625,038.62;27.944
27.05.2023;6,859.5;26.720;183,288.29;26.720
28.05.2023;4,565.9;27.470;125,428.70;27.471
29.05.2023;11,855.2;28.670;339,923.55;28.673
30.05.2023;14,506.6;27.410;397,584.74;27.407
31.05.2023;17,276.6;27.700;478,570.02;27.700
01.06.2023;13,341.8;27.260;363,702.70;27.260
02.06.2023;12,060.4;25.880;312,145.41;25.882
03.06.2023;4,611.1;25.690;118,473.26;25.693
04.06.2023;5,862.3;25.900;151,844.87;25.902
05.06.2023;5,563.1;28.550;158,834.19;28.551
06.06.2023;24,207.8;28.900;699,601.44;28.900
07.06.2023;42,776.6;28.010;1,198,223.32;28.011
08.06.2023;24,075.2;28.110;676,739.75;28.109
09.06.2023;13,502.8;30.230;408,167.11;30.228
10.06.2023;4,900.6;31.790;155,798.54;31.792
11.06.2023;2,953.0;35.190;103,923.27;35.192
12.06.2023;21,793.7;32.180;701,364.33;32.182
13.06.2023;15,429.7;32.750;505,280.32;32.747
14.06.2023;18,581.0;39.220;728,806.11;39.223
15.06.2023;32,276.0;42.840;1,382,677.07;42.839
16.06.2023;23,447.5;38.010;891,335.45;38.014
17.06.2023;8,288.5;37.350;309,565.48;37.349
18.06.2023;5,308.1;35.700;189,488.19;35.698
19.06.2023;21,783.7;34.700;755,863.34;34.699
20.06.2023;14,494.0;37.480;543,196.03;37.477
21.06.2023;15,834.7;39.720;629,032.61;39.725
22.06.2023;19,638.1;38.590;757,811.52;38.589
23.06.2023;13,887.5;35.810;497,308.93;35.810
24.06.2023;14,472.4;34.740;502,722.51;34.737
25.06.2023;8,503.4;36.360;309,203.28;36.362
26.06.2023;11,975.6;35.690;427,439.83;35.693
27.06.2023;30,870.2;34.100;1,052,606.34;34.098
28.06.2023;16,570.1;35.040;580,543.84;35.036
29.06.2023;23,091.7;35.630;822,833.80;35.633
30.06.2023;17,746.2;37.310;662,055.71;37.307
01.07.2023;4,500.3;38.110;171,527.31;38.115
02.07.2023;4,430.7;40.640;180,069.03;40.641
03.07.2023;9,105.0;38.470;350,253.38;38.468
04.07.2023;6,046.8;36.460;220,438.11;36.455
05.07.2023;13,851.3;36.320;503,050.57;36.318
06.07.2023;13,177.4;35.730;470,871.29;35.733
07.07.2023;11,754.3;34.460;405,001.11;34.456
08.07.2023;6,468.2;34.540;223,443.93;34.545
09.07.2023;10,808.6;34.890;377,132.11;34.892
10.07.2023;27,103.7;33.310;902,800.78;33.309
11.07.2023;15,392.8;32.310;497,392.08;32.313
12.07.2023;23,368.4;30.370;709,779.01;30.373
13.07.2023;8,340.4;28.880;240,891.71;28.883
14.07.2023;20,883.2;28.200;588,992.47;28.204
15.07.2023;11,548.5;28.190;325,523.76;28.188
16.07.2023;11,579.7;26.830;310,663.86;26.828
17.07.2023;12,477.4;27.000;336,921.87;27.003
18.07.2023;7,445.2;27.230;202,697.56;27.225
19.07.2023;12,844.2;27.980;359,353.36;27.978
20.07.2023;18,664.3;29.250;545,851.59;29.246
21.07.2023;13,675.5;31.590;431,992.50;31.589
22.07.2023;4,489.0;30.900;138,693.05;30.896
23.07.2023;10,720.0;29.990;321,477.92;29.989
24.07.2023;9,758.0;30.650;299,114.65;30.653
25.07.2023;7,294.2;31.660;230,910.03;31.657
26.07.2023;11,556.7;33.150;383,149.91;33.154
27.07.2023;24,691.2;31.850;786,369.47;31.848
28.07.2023;6,011.8;28.890;173,654.12;28.886
29.07.2023;5,830.4;27.750;161,774.73;27.747
30.07.2023;6,315.1;26.720;168,728.43;26.718
31.07.2023;4,789.6;27.980;134,006.57;27.979
01.08.2023;6,534.8;29.130;190,347.66;29.128
02.08.2023;3,574.6;29.030;103,782.09;29.033
03.08.2023;4,209.1;30.960;130,299.78;30.957
04.08.2023;10,868.1;31.350;340,745.56;31.353
05.08.2023;1,710.2;30.320;51,857.05;30.322
06.08.2023;4,531.6;30.610;138,709.61;30.609
07.08.2023;8,270.1;30.880;255,407.43;30.883
08.08.2023;6,550.6;31.030;203,294.57;31.035
09.08.2023;7,469.7;37.180;277,737.07;37.182
10.08.2023;19,000.3;39.740;755,142.37;39.744
11.08.2023;15,334.4;37.080;568,596.31;37.080
12.08.2023;3,373.5;34.840;117,529.04;34.839
13.08.2023;4,315.7;35.770;154,371.13;35.770
14.08.2023;7,680.9;35.540;273,016.52;35.545
15.08.2023;10,701.6;36.600;391,647.33;36.597
16.08.2023;16,317.1;38.640;630,496.18;38.640
17.08.2023;9,932.1;37.130;368,807.14;37.133
18.08.2023;7,112.5;36.480;259,461.58;36.480
19.08.2023;19,546.8;39.970;781,288.29;39.970
20.08.2023;9,693.3;42.080;407,922.61;42.083
21.08.2023;7,395.8;39.730;293,870.24;39.735
22.08.2023;5,559.2;44.200;245,709.53;44.199
23.08.2023;16,533.5;41.590;687,623.95;41.590
24.08.2023;17,748.7;36.670;650,870.72;36.671
25.08.2023;12,778.6;35.500;453,626.61;35.499
26.08.2023;4,924.1;37.620;185,261.44;37.623
27.08.2023;5,558.3;36.750;204,254.24;36.748
28.08.2023;1,599.0;39.890;63,789.53;39.893
29.08.2023;13,582.6;38.810;527,149.82;38.811
30.08.2023;11,092.8;37.690;418,128.35;37.694
31.08.2023;9,469.5;36.620;346,749.06;36.617
01.09.2023;10,455.9;34.590;361,641.21;34.587
02.09.2023;3,850.6;35.090;135,128.21;35.093
03.09.2023;3,775.5;36.480;137,740.20;36.483
04.09.2023;29,158.8;33.850;986,971.50;33.848
05.09.2023;7,927.1;33.430;264,968.32;33.426
06.09.2023;8,259.0;33.870;279,757.13;33.873
07.09.2023;8,344.0;33.470;279,301.42;33.473
08.09.2023;11,488.2;34.200;392,871.22;34.198
09.09.2023;8,414.6;37.850;318,499.15;37.851
10.09.2023;1,267.4;38.150;48,352.84;38.151
11.09.2023;2,547.0;38.950;99,201.01;38.948
12.09.2023;12,179.5;38.440;468,227.56;38.444
13.09.2023;12,218.4;38.090;465,459.05;38.095
14.09.2023;9,361.2;37.920;354,976.88;37.920
15.09.2023;11,812.4;37.540;443,383.65;37.535
16.09.2023;14,056.5;39.910;560,964.03;39.908
17.09.2023;4,331.0;38.930;168,611.69;38.931
18.09.2023;19,760.7;36.450;720,232.93;36.448
19.09.2023;9,288.8;37.780;350,918.70;37.779
20.09.2023;3,119.2;38.590;120,382.23;38.594
21.09.2023;3,531.1;39.450;139,288.33;39.446
22.09.2023;4,232.6;41.450;175,421.18;41.445
23.09.2023;8,530.2;42.660;363,904.43;42.661
24.09.2023;4,168.2;42.030;175,183.50;42.029
25.09.2023;16,306.9;45.510;742,105.68;45.509
26.09.2023;14,528.8;44.290;643,533.18;44.294
27.09.2023;8,720.5;41.230;359,588.66;41.235
28.09.2023;12,569.3;42.860;538,752.80;42.863
29.09.2023;8,806.6;41.160;362,438.10;41.155
30.09.2023;5,835.6;39.190;228,682.91;39.188
01.10.2023;5,312.5;39.800;211,437.55;39.800
02.10.2023;15,101.6;38.030;574,335.54;38.031
03.10.2023;25,903.4;31.200;808,149.29;31.199
04.10.2023;12,318.1;31.210;384,406.98;31.207
05.10.2023;13,287.4;32.560;432,592.84;32.557
06.10.2023;13,822.5;31.400;434,088.22;31.404
07.10.2023;10,773.0;32.090;345,751.55;32.094
08.10.2023;13,435.1;35.070;471,115.86;35.066
09.10.2023;27,144.8;39.360;1,068,533.06;39.364
10.10.2023;8,453.5;44.590;376,932.65;44.589
11.10.2023;9,918.4;47.210;468,275.83;47.213
12.10.2023;25,549.5;49.630;1,268,125.82;49.634
13.10.2023;21,007.5;53.790;1,129,911.09;53.786
14.10.2023;6,715.5;53.980;362,515.88;53.982
15.10.2023;8,073.2;54.720;441,763.44;54.720
16.10.2023;19,019.5;51.100;971,958.48;51.103
17.10.2023;13,857.2;47.940;664,324.81;47.941
18.10.2023;28,756.0;50.210;1,443,970.45;50.215
19.10.2023;12,150.9;47.290;574,637.58;47.292
20.10.2023;18,229.5;48.440;883,105.71;48.444
21.10.2023;5,814.0;49.100;285,444.77;49.096
22.10.2023;4,517.7;49.390;223,137.81;49.392
23.10.2023;4,767.4;49.770;237,295.73;49.775
24.10.2023;12,208.5;51.640;630,483.73;51.643
25.10.2023;5,174.1;51.430;266,079.42;51.425
26.10.2023;4,827.1;51.080;246,551.38;51.077
27.10.2023;4,882.5;50.960;248,790.87;50.956
28.10.2023;1,879.5;50.740;95,359.68;50.737
29.10.2023;1,965.1;50.970;100,155.36;50.967
30.10.2023;9,498.2;51.600;490,146.22;51.604
31.10.2023;18,014.9;43.150;777,334.65;43.150
01.11.2023;6,851.0;43.780;299,921.70;43.778
02.11.2023;16,008.5;39.020;624,576.75;39.015
03.11.2023;16,858.7;41.560;700,649.63;41.560
04.11.2023;19,612.8;41.360;811,095.98;41.355
05.11.2023;6,269.8;44.410;278,415.90;44.406
06.11.2023;15,005.0;44.450;666,961.13;44.449
07.11.2023;16,631.9;44.350;737,707.06;44.355
08.11.2023;9,104.8;45.220;411,750.76;45.223
09.11.2023;7,977.1;46.050;367,332.65;46.048
10.11.2023;20,363.0;44.350;903,178.77;44.354
11.11.2023;4,579.0;45.320;207,516.12;45.319
12.11.2023;2,587.0;45.150;116,795.83;45.147
13.11.2023;20,472.0;43.970;900,147.65;43.970
14.11.2023;11,423.0;45.760;522,675.68;45.756
15.11.2023;3,654.4;48.530;177,349.36;48.530
16.11.2023;5,145.0;48.400;249,022.70;48.401
17.11.2023;9,768.6;46.690;456,059.03;46.686
18.11.2023;3,186.3;46.570;148,383.74;46.569
19.11.2023;12,346.2;44.400;548,142.04;44.398
20.11.2023;9,193.2;47.770;439,177.02;47.772
21.11.2023;13,362.7;47.210;630,840.33;47.209
22.11.2023;8,790.9;46.910;412,341.03;46.905
23.11.2023;8,494.8;47.920;407,072.56;47.920
24.11.2023;6,622.1;49.480;327,632.08;49.476
25.11.2023;4,133.7;49.910;206,298.57;49.907
26.11.2023;7,709.3;50.720;391,048.55;50.724
27.11.2023;11,948.9;48.210;576,090.71;48.213
28.11.2023;19,607.7;46.580;913,288.10;46.578
29.11.2023;31,354.0;45.770;1,434,938.56;45.766
30.11.2023;20,697.4;44.680;924,696.33;44.677
01.12.2023;12,226.8;44.070;538,846.98;44.071
02.12.2023;13,347.3;47.580;635,034.65;47.578
03.12.2023;16,052.2;47.150;756,934.51;47.155
04.12.2023;17,518.3;45.240;792,478.38;45.237
05.12.2023;20,635.5;43.500;897,628.49;43.499
06.12.2023;13,423.0;41.640;558,900.74;41.638
07.12.2023;13,447.4;41.900;563,497.60;41.904
08.12.2023;16,830.2;41.780;703,127.05;41.778
09.12.2023;12,277.8;40.950;502,745.98;40.948
10.12.2023;10,942.7;40.040;438,167.44;40.042
11.12.2023;23,841.5;37.490;893,858.22;37.492
12.12.2023;7,090.9;37.330;264,708.04;37.331
13.12.2023;17,950.9;36.730;659,270.96;36.726
14.12.2023;9,230.7;36.640;338,171.70;36.636
15.12.2023;9,715.5;35.660;346,503.03;35.665
16.12.2023;33,920.7;33.440;1,134,313.90;33.440
17.12.2023;16,647.2;32.790;545,828.74;32.788
18.12.2023;12,780.0;35.040;447,850.39;35.043
19.12.2023;5,902.5;35.750;211,031.12;35.753
20.12.2023;6,662.2;34.830;232,012.98;34.825
21.12.2023;10,762.6;35.660;383,815.02;35.662
22.12.2023;4,907.3;35.680;175,089.73;35.679
23.12.2023;9,018.2;35.790;322,718.24;35.785
24.12.2023;8,060.0;35.880;289,203.08;35.881
25.12.2023;7,923.3;30.690;243,184.21;30.692
26.12.2023;13,266.2;31.100;412,641.57;31.105
27.12.2023;13,100.1;35.340;462,905.08;35.336
28.12.2023;38,361.4;35.300;1,354,271.92;35.303
29.12.2023;8,899.3;33.090;294,450.94;33.087
30.12.2023;15,204.9;28.520;433,689.05;28.523
31.12.2023;9,532.0;30.990;295,397.58;30.990
01.01.2024;15,031.3;33.110;497,653.96;33.108
02.01.2024;11,327.5;32.380;366,744.71;32.376
03.01.2024;4,297.2;33.560;144,222.84;33.562
04.01.2024;17,585.8;34.770;611,494.71;34.772
05.01.2024;6,880.6;35.980;247,582.17;35.983
06.01.2024;10,147.3;36.810;373,540.56;36.812
07.01.2024;5,356.9;36.690;196,529.36;36.687
08.01.2024;25,020.9;35.330;884,007.83;35.331
09.01.2024;54,783.2;34.650;1,898,068.35;34.647
10.01.2024;28,353.7;33.690;955,156.67;33.687
11.01.2024;34,340.7;33.530;1,151,587.75;33.534
12.01.2024;15,628.8;33.780;528,010.48;33.784
13.01.2024;9,994.5;34.510;344,911.75;34.510
14.01.2024;8,880.1;34.720;308,303.27;34.718
15.01.2024;30,682.4;33.150;1,016,972.56;33.145
16.01.2024;15,659.7;32.800;513,683.45;32.803
17.01.2024;19,973.9;31.760;634,440.21;31.763
18.01.2024;14,143.3;30.960;437,893.38;30.961
19.01.2024;16,961.6;31.290;530,654.88;31.286
20.01.2024;7,384.8;31.410;231,952.60;31.409
21.01.2024;12,554.4;31.410;394,380.66;31.414
22.01.2024;19,516.1;30.220;589,765.36;30.219
23.01.2024;13,224.9;29.810;394,189.31;29.807
24.01.2024;14,327.7;30.350;434,833.29;30.349
25.01.2024;17,975.0;30.680;551,425.48;30.677
26.01.2024;15,624.3;29.870;466,699.61;29.870
27.01.2024;7,587.9;29.720;225,540.38;29.724
28.01.2024;4,542.1;30.880;140,247.94;30.877
29.01.2024;18,909.5;31.420;594,109.64;31.419
30.01.2024;14,470.6;31.070;449,651.35;31.073
31.01.2024;55,829.2;32.950;1,839,735.14;32.953
01.02.2024;15,501.6;34.940;541,566.93;34.936
02.02.2024;12,125.6;31.420;380,986.13;31.420
03.02.2024;5,172.0;31.240;161,596.81;31.245
04.02.2024;5,149.0;31.430;161,857.11;31.435
05.02.2024;24,756.3;30.120;745,545.54;30.115
06.02.2024;5,311.6;30.820;163,727.82;30.825
07.02.2024;7,455.1;31.200;232,610.21;31.201
08.02.2024;9,189.2;30.420;279,555.97;30.422
09.02.2024;7,405.3;29.470;218,210.12;29.467
10.02.2024;6,305.9;28.740;181,254.84;28.744
11.02.2024;12,446.6;27.540;342,836.27;27.545
12.02.2024;5,145.6;28.280;145,532.93;28.283
13.02.2024;12,068.9;28.050;338,488.69;28.046
14.02.2024;18,768.4;26.640;500,061.48;26.644
15.02.2024;5,773.0;26.950;155,603.08;26.954
16.02.2024;5,527.4;26.650;147,283.69;26.646
17.02.2024;4,008.1;26.560;106,440.86;26.556
18.02.2024;2,933.5;26.320;77,204.57;26.318
19.02.2024;5,656.2;26.180;148,101.34;26.184
20.02.2024;4,964.0;25.960;128,857.36;25.958
21.02.2024;5,679.8;26.240;149,034.51;26.239
22.02.2024;15,814.2;25.630;405,283.62;25.628
23.02.2024;9,007.4;25.340;228,291.94;25.345
24.02.2024;10,629.7;24.450;259,905.85;24.451
25.02.2024;5,155.0;24.770;127,708.43;24.774
26.02.2024;5,313.6;25.460;135,267.10;25.457
27.02.2024;7,345.7;26.080;191,557.55;26.078
28.02.2024;21,440.8;26.140;560,538.54;26.144
29.02.2024;9,810.6;27.210;266,989.55;27.214
01.03.2024;4,411.3;27.500;121,322.39;27.503
02.03.2024;14,161.7;28.010;396,638.08;28.008
03.03.2024;4,619.5;27.420;126,678.59;27.423
04.03.2024;3,887.9;27.680;107,628.22;27.683
05.03.2024;8,633.0;29.630;255,779.17;29.628
06.03.2024;7,531.9;29.430;221,656.58;29.429
07.03.2024;7,438.7;28.640;213,076.31;28.644
08.03.2024;20,780.6;28.730;597,061.27;28.732
09.03.2024;7,604.7;28.410;216,056.41;28.411
10.03.2024;2,982.9;29.270;87,314.90;29.272
11.03.2024;12,799.8;27.690;354,455.95;27.692
12.03.2024;11,153.1;27.130;302,558.37;27.128
13.03.2024;8,695.4;26.870;233,658.03;26.871
14.03.2024;12,360.7;27.170;335,852.58;27.171
15.03.2024;6,956.5;27.810;193,453.71;27.809
16.03.2024;7,710.7;28.930;223,054.48;28.928
17.03.2024;1,570.1;29.810;46,797.28;29.805
18.03.2024;7,110.2;30.720;218,438.95;30.722
19.03.2024;12,022.6;30.530;367,071.71;30.532
20.03.2024;10,374.6;30.180;313,126.82;30.182
21.03.2024;8,444.1;29.130;245,987.36;29.131
22.03.2024;6,281.8;28.790;180,849.71;28.789
23.03.2024;2,906.3;28.690;83,377.79;28.689
24.03.2024;1,645.4;29.260;48,149.71;29.263
25.03.2024;5,933.6;30.480;180,851.32;30.479
26.03.2024;5,393.4;29.890;161,200.69;29.889
27.03.2024;4,547.2;29.290;133,165.31;29.285
28.03.2024;6,173.4;29.110;179,732.81;29.114
29.03.2024;4,957.4;29.340;145,445.74;29.339
30.03.2024;4,716.8;28.870;136,172.39;28.870
31.03.2024;30,541.9;27.400;836,849.60;27.400
01.04.2024;22,726.4;28.730;652,984.03;28.732
02.04.2024;13,057.4;29.120;380,204.80;29.118
03.04.2024;5,519.1;27.930;154,171.56;27.934
04.04.2024;4,472.7;28.130;125,837.49;28.135
05.04.2024;4,078.4;28.320;115,503.14;28.321
06.04.2024;4,446.4;28.450;126,519.19;28.454
07.04.2024;1,688.3;28.810;48,640.85;28.811
08.04.2024;4,798.3;29.470;141,404.44;29.470
09.04.2024;9,765.6;30.180;294,748.45;30.182
10.04.2024;4,828.5;29.580;142,843.36;29.583
11.04.2024;5,541.5;30.120;166,889.97;30.116
12.04.2024;3,124.0;31.510;98,443.31;31.512
13.04.2024;9,077.2;34.070;309,238.95;34.068
14.04.2024;425.5;32.880;13,988.70;32.876
15.04.2024;3,915.6;32.720;128,107.53;32.717
16.04.2024;11,984.9;34.980;419,177.49;34.975
17.04.2024;14,697.0;34.740;510,610.35;34.742
18.04.2024;13,832.4;34.180;472,777.83;34.179
19.04.2024;27,262.1;34.150;930,914.63;34.147
20.04.2024;10,496.7;33.380;350,329.70;33.375
21.04.2024;11,827.0;33.240;393,144.71;33.241
22.04.2024;10,269.6;32.900;337,917.93;32.905
23.04.2024;24,204.5;32.300;781,787.35;32.299
24.04.2024;42,005.6;31.540;1,325,034.57;31.544
25.04.2024;25,365.7;31.310;794,139.40;31.308
26.04.2024;29,368.6;31.990;939,494.57;31.990
27.04.2024;5,796.5;31.620;183,300.64;31.623
28.04.2024;6,282.8;30.650;192,545.12;30.646
29.04.2024;10,063.1;29.980;301,683.37;29.979
30.04.2024;4,180.3;30.610;127,970.42;30.613
01.05.2024;9,535.6;30.900;294,658.12;30.901
02.05.2024;3,157.4;31.860;100,606.32;31.864
03.05.2024;11,051.7;32.220;356,047.46;32.217
04.05.2024;3,472.4;32.200;111,826.07;32.204
05.05.2024;1,182.0;32.120;37,968.13;32.122
06.05.2024;3,314.4;33.360;110,560.15;33.358
07.05.2024;19,645.0;33.310;654,330.31;33.308
08.05.2024;7,282.1;32.940;239,894.18;32.943
09.05.2024;9,824.0;33.280;326,908.85;33.277
10.05.2024;10,467.8;32.690;342,214.87;32.692
11.05.2024;7,875.0;32.580;256,544.93;32.577
12.05.2024;3,067.0;31.800;97,540.12;31.803
13.05.2024;6,369.9;31.350;199,713.88;31.353
14.05.2024;4,833.3;31.220;150,873.39;31.215
15.05.2024;2,843.4;31.520;89,619.64;31.518
16.05.2024;2,779.0;31.910;88,680.25;31.911
17.05.2024;5,953.0;32.190;191,599.12;32.185
18.05.2024;4,229.1;32.870;138,990.55;32.865
19.05.2024;7,973.6;34.160;272,399.72;34.163
20.05.2024;12,755.0;33.870;432,021.96;33.871
21.05.2024;6,448.0;33.880;218,447.60;33.878
22.05.2024;15,970.4;36.100;576,514.88;36.099
23.05.2024;4,115.1;37.910;155,991.29;37.907
24.05.2024;8,067.5;36.950;298,122.55;36.954
25.05.2024;1,134.6;36.950;41,924.32;36.951
26.05.2024;2,744.6;37.040;101,656.30;37.039
27.05.2024;4,508.6;37.200;167,739.56;37.204
28.05.2024;2,759.6;36.590;100,963.61;36.586
29.05.2024;4,256.2;36.180;153,969.23;36.175
30.05.2024;2,649.5;36.240;96,025.21;36.243
31.05.2024;3,462.9;37.140;128,607.61;37.139
01.06.2024;14,272.9;37.350;533,103.76;37.351
02.06.2024;2,353.1;36.750;86,470.73;36.748
03.06.2024;5,925.0;39.150;231,982.16;39.153
04.06.2024;8,668.9;37.560;325,576.07;37.557
05.06.2024;7,783.8;36.250;282,162.29;36.250
06.06.2024;6,744.1;35.710;240,810.42;35.707
07.06.2024;6,487.3;35.280;228,883.49;35.282
08.06.2024;4,210.3;35.100;147,794.61;35.103
09.06.2024;22,192.9;36.540;810,947.68;36.541
10.06.2024;9,464.3;35.130;332,516.91;35.134
11.06.2024;8,337.3;36.290;302,531.12;36.286
12.06.2024;29,146.1;36.940;1,076,693.49;36.941
13.06.2024;7,198.1;37.940;273,092.91;37.940
14.06.2024;10,946.2;37.620;411,795.61;37.620
15.06.2024;11,162.4;38.590;430,724.09;38.587
16.06.2024;3,958.9;38.450;152,207.13;38.447
17.06.2024;8,020.0;37.150;297,950.92;37.151
18.06.2024;7,019.9;36.700;257,637.60;36.701
19.06.2024;5,934.5;36.660;217,547.65;36.658
20.06.2024;13,968.4;37.080;517,971.06;37.082
21.06.2024;11,511.9;36.890;424,634.21;36.887
22.06.2024;17,242.7;36.530;629,934.81;36.533
23.06.2024;4,513.4;36.540;164,941.67;36.545
24.06.2024;9,433.5;36.230;341,740.98;36.226
25.06.2024;9,296.8;36.330;337,797.98;36.335
26.06.2024;13,688.2;36.720;502,618.81;36.719
27.06.2024;6,385.3;36.530;233,269.04;36.532
28.06.2024;11,606.0;36.210;420,284.96;36.213
29.06.2024;3,005.5;36.260;108,990.22;36.264
30.06.2024;3,624.0;36.810;133,383.00;36.805
01.07.2024;11,656.2;36.650;427,238.83;36.653
02.07.2024;5,448.7;36.200;197,233.02;36.198
03.07.2024;5,676.8;35.460;201,305.11;35.461
04.07.2024;7,634.8;35.380;270,084.90;35.376
05.07.2024;3,636.7;35.230;128,121.66;35.230
06.07.2024;5,587.2;35.550;198,634.07;35.552
07.07.2024;3,970.0;35.430;140,663.61;35.432
08.07.2024;6,853.0;35.100;240,561.39;35.103
09.07.2024;5,843.7;34.400;201,040.90;34.403
10.07.2024;8,148.1;33.710;274,676.45;33.710
11.07.2024;6,712.1;33.640;225,773.97;33.637
12.07.2024;5,863.1;33.470;196,227.15;33.468
13.07.2024;4,079.8;33.780;137,819.68;33.781
14.07.2024;5,649.3;34.270;193,583.51;34.267
15.07.2024;6,700.0;34.030;227,999.20;34.030
16.07.2024;12,115.5;34.400;416,743.44;34.398
17.07.2024;18,033.2;35.010;631,365.43;35.011
18.07.2024;21,003.5;34.840;731,709.62;34.838
19.07.2024;17,343.5;34.730;602,366.08;34.732
20.07.2024;4,126.7;34.500;142,368.59;34.499
21.07.2024;11,646.3;34.700;404,171.50;34.704
22.07.2024;5,833.5;34.210;199,570.41;34.211
23.07.2024;7,921.3;33.980;269,147.21;33.978
24.07.2024;8,234.6;34.000;279,992.10;34.002
25.07.2024;7,437.0;34.650;257,687.18;34.649
26.07.2024;15,028.5;34.540;519,041.07;34.537
27.07.2024;4,030.4;34.880;140,586.82;34.882
28.07.2024;3,808.8;35.100;133,672.95;35.096
29.07.2024;4,129.7;35.280;145,675.21;35.275
30.07.2024;3,827.1;36.060;138,008.20;36.061
31.07.2024;17,419.0;36.930;643,315.66;36.932
01.08.2024;1,741.5;38.680;67,365.27;38.682
02.08.2024;7,416.5;38.940;288,809.31;38.941
03.08.2024;1,360.1;39.360;53,532.82;39.359
04.08.2024;5,702.4;38.960;222,142.67;38.956
05.08.2024;11,877.4;37.260;442,503.46;37.256
06.08.2024;5,017.0;37.930;190,296.91;37.930
07.08.2024;10,880.5;39.770;432,698.39;39.768
08.08.2024;12,665.4;40.920;518,230.70;40.917
09.08.2024;7,800.7;42.110;328,521.48;42.114
10.08.2024;4,526.1;42.070;190,420.40;42.072
11.08.2024;3,438.3;43.100;148,175.92;43.096
12.08.2024;7,243.6;42.850;310,352.17;42.845
13.08.2024;5,707.5;42.200;240,882.99;42.205
14.08.2024;7,611.5;41.360;314,833.01;41.363
15.08.2024;6,470.6;41.180;266,435.01;41.176
16.08.2024;5,586.2;41.200;230,132.27;41.197
17.08.2024;10,753.3;41.530;446,568.89;41.529
18.08.2024;6,823.0;41.340;282,071.82;41.341
19.08.2024;6,983.0;41.690;291,153.11;41.695
20.08.2024;10,500.1;41.930;440,243.02;41.928
21.08.2024;9,561.8;40.730;389,426.12;40.727
22.08.2024;8,631.8;39.560;341,433.82;39.555
23.08.2024;9,741.2;38.880;378,733.70;38.880
24.08.2024;5,830.6;38.850;226,538.50;38.853
25.08.2024;3,813.7;39.460;150,490.75;39.461
26.08.2024;5,991.8;39.890;239,039.72;39.894
27.08.2024;12,300.3;40.810;501,995.43;40.812
28.08.2024;9,174.6;41.070;376,839.21;41.074
29.08.2024;7,946.4;41.300;328,154.09;41.296
30.08.2024;5,921.2;41.290;244,494.93;41.291
31.08.2024;6,745.3;41.990;283,254.30;41.993
01.09.2024;7,985.6;42.210;337,105.50;42.214
02.09.2024;11,370.7;41.710;474,326.26;41.715
03.09.2024;14,773.0;41.020;606,054.11;41.024
04.09.2024;7,580.9;39.470;299,238.82;39.473
05.09.2024;5,688.9;38.610;219,651.63;38.611
06.09.2024;12,540.6;39.600;496,596.84;39.599
07.09.2024;3,498.0;39.310;137,493.84;39.306
08.09.2024;4,922.9;39.440;194,145.79;39.437
09.09.2024;5,371.8;39.130;210,205.40;39.131
10.09.2024;5,562.8;38.900;216,405.13;38.902
11.09.2024;4,652.1;38.340;178,357.00;38.339
12.09.2024;5,880.1;38.130;224,186.35;38.126
13.09.2024;4,444.0;38.070;169,185.53;38.071
14.09.2024;5,391.1;38.740;208,840.39;38.738
15.09.2024;6,294.6;39.000;245,497.47;39.001
16.09.2024;13,611.7;37.580;511,504.39;37.578
17.09.2024;8,521.6;37.140;316,463.07;37.137
18.09.2024;4,853.6;37.780;183,366.39;37.779
19.09.2024;16,696.8;38.750;646,998.22;38.750
20.09.2024;6,946.4;37.070;257,511.34;37.071
21.09.2024;3,957.2;38.030;150,486.90;38.029
22.09.2024;10,677.6;39.080;417,309.98;39.083
23.09.2024;10,695.2;38.420;410,924.62;38.421
24.09.2024;11,041.3;38.580;426,024.18;38.585
25.09.2024;12,874.4;39.080;503,174.30;39.083
26.09.2024;6,694.8;39.400;263,766.79;39.399
27.09.2024;10,579.8;41.320;437,204.94;41.325
28.09.2024;4,820.0;42.080;202,808.91;42.077
29.09.2024;5,247.2;41.970;220,225.66;41.970
30.09.2024;7,298.9;42.300;308,752.04;42.301
01.10.2024;13,973.1;41.680;582,340.59;41.676
02.10.2024;19,063.4;41.360;788,509.63;41.362
03.10.2024;9,673.2;42.110;407,334.94;42.110
04.10.2024;16,094.8;43.070;693,137.43;43.066
05.10.2024;4,651.1;44.390;206,443.29;44.386
06.10.2024;7,043.6;44.630;314,379.01;44.633
07.10.2024;11,978.6;42.850;513,244.38;42.847
08.10.2024;7,775.9;42.720;332,165.37;42.717
09.10.2024;14,715.3;41.860;615,970.72;41.859
10.10.2024;13,694.0;41.830;572,833.33;41.831
11.10.2024;12,168.5;43.390;527,981.10;43.389
12.10.2024;5,929.5;43.050;255,235.76;43.045
13.10.2024;3,695.7;43.220;159,737.40;43.223
14.10.2024;9,358.0;43.520;407,247.96;43.519
15.10.2024;6,985.2;43.040;300,632.40;43.038
16.10.2024;9,367.1;42.850;401,376.63;42.850
17.10.2024;8,514.2;42.780;364,223.43;42.778
18.10.2024;7,475.8;42.290;316,125.61;42.287
19.10.2024;5,572.5;42.110;234,630.73;42.105
20.10.2024;7,532.7;42.240;318,216.82;42.245
21.10.2024;7,723.9;43.050;332,492.12;43.047
22.10.2024;6,216.7;43.550;270,729.44;43.549
23.10.2024;12,142.8;43.950;533,648.57;43.948
24.10.2024;8,588.8;45.220;388,354.36;45.216
25.10.2024;17,574.3;45.650;802,211.92;45.647
26.10.2024;5,869.6;45.800;268,828.08;45.800
27.10.2024;5,880.6;45.900;269,939.50;45.903
28.10.2024;6,662.8;45.090;300,458.83;45.095
29.10.2024;13,468.1;45.650;614,778.43;45.647
30.10.2024;8,569.3;44.840;384,233.21;44.838
31.10.2024;20,711.4;42.510;880,464.84;42.511
01.11.2024;7,797.2;41.530;323,829.94;41.532
02.11.2024;5,529.5;41.120;227,373.79;41.120
03.11.2024;10,573.6;41.020;433,712.38;41.018
04.11.2024;14,195.9;42.830;607,976.16;42.828
05.11.2024;11,498.0;43.210;496,882.85;43.215
06.11.2024;10,688.3;42.210;451,140.25;42.209
07.11.2024;10,385.3;42.780;444,272.92;42.779
08.11.2024;9,134.7;44.670;408,017.99;44.667
09.11.2024;19,966.0;45.850;915,358.09;45.846
10.11.2024;6,542.5;45.620;298,462.92;45.619
11.11.2024;15,605.2;46.850;731,154.61;46.853
12.11.2024;36,666.0;47.310;1,734,788.79;47.313
13.11.2024;12,560.8;46.370;582,416.19;46.368
14.11.2024;29,434.8;47.830;1,408,002.80;47.835
15.11.2024;7,220.4;48.440;349,725.15;48.436
16.11.2024;5,566.1;48.340;269,053.33;48.338
17.11.2024;18,336.0;48.090;881,719.58;48.087
18.11.2024;5,009.2;48.850;244,677.98;48.846
19.11.2024;7,180.3;49.610;356,190.05;49.607
20.11.2024;8,534.5;49.020;418,402.43;49.025
21.11.2024;23,722.3;51.930;1,231,979.18;51.933
22.11.2024;10,779.0;51.130;551,137.95;51.131
23.11.2024;6,117.2;49.300;301,568.58;49.298
24.11.2024;5,014.0;48.190;241,601.03;48.185
25.11.2024;14,847.6;50.250;746,031.78;50.246
26.11.2024;12,421.9;51.090;634,692.96;51.095
27.11.2024;15,485.4;50.050;774,981.25;50.046
28.11.2024;8,544.2;49.880;426,182.13;49.880
29.11.2024;9,856.8;49.710;489,974.56;49.709
30.11.2024;11,690.5;50.630;591,891.28;50.630
01.12.2024;12,621.5;51.570;650,939.23;51.574
02.12.2024;9,988.0;52.040;519,817.95;52.044
03.12.2024;11,775.2;51.700;608,821.15;51.704
04.12.2024;23,076.3;50.740;1,170,799.33;50.736
05.12.2024;9,826.6;50.330;494,545.07;50.327
06.12.2024;14,246.7;50.120;714,098.71;50.124
07.12.2024;14,527.3;49.810;723,631.52;49.812
08.12.2024;9,072.0;50.240;455,792.62;50.242
09.12.2024;15,210.6;48.110;731,706.86;48.105
10.12.2024;7,363.4;48.380;356,210.94;48.376
11.12.2024;10,616.5;48.370;513,562.27;48.374
12.12.2024;15,576.9;47.300;736,815.48;47.302
13.12.2024;19,546.7;46.050;900,221.74;46.055
14.12.2024;11,582.2;45.430;526,135.87;45.426
15.12.2024;24,449.5;44.760;1,094,269.60;44.756
16.12.2024;27,930.7;43.320;1,209,983.42;43.321
17.12.2024;15,168.1;43.540;660,415.60;43.540
18.12.2024;18,686.7;43.820;818,856.79;43.820
19.12.2024;24,154.6;43.530;1,051,564.36;43.535
20.12.2024;15,029.4;44.950;675,588.94;44.951
21.12.2024;9,766.2;44.940;438,846.31;44.935
22.12.2024;15,619.2;44.670;697,719.85;44.671
23.12.2024;11,093.0;46.740;518,511.86;46.742
24.12.2024;3,973.4;49.460;196,530.91;49.462
25.12.2024;9,025.5;49.510;446,812.19;49.506
26.12.2024;8,490.1;50.330;427,298.65;50.329
27.12.2024;17,222.6;49.930;860,008.04;49.935
28.12.2024;20,667.8;52.380;1,082,630.27;52.382
29.12.2024;16,873.0;53.850;908,611.60;53.850
30.12.2024;15,481.0;51.330;794,703.67;51.334
31.12.2024;12,834.1;50.740;651,143.29;50.735
01.01.2025;15,590.2;53.410;832,609.79;53.406
02.01.2025;8,327.3;52.880;440,312.29;52.876
03.01.2025;37,002.4;52.970;1,960,183.63;52.975
04.01.2025;34,229.0;52.620;1,800,976.77;52.616
05.01.2025;27,141.2;52.460;1,423,850.18;52.461
06.01.2025;16,062.0;50.520;811,523.83;50.524
07.01.2025;16,788.8;48.830;819,869.06;48.834
08.01.2025;12,446.6;48.910;608,730.33;48.907
09.01.2025;11,109.6;47.530;528,054.82;47.531
10.01.2025;9,120.0;46.790;426,712.95;46.789
11.01.2025;6,994.1;47.960;335,460.68;47.963
12.01.2025;16,119.9;48.520;782,071.08;48.516
13.01.2025;13,881.0;49.870;692,220.64;49.868
14.01.2025;14,682.4;50.350;739,325.51;50.355
15.01.2025;10,662.8;49.530;528,085.49;49.526
16.01.2025;15,556.0;49.010;762,396.69;49.010
17.01.2025;8,678.2;49.020;425,375.37;49.017
18.01.2025;4,860.2;50.190;243,952.46;50.194
19.01.2025;5,846.5;52.120;304,705.49;52.118
20.01.2025;12,288.0;49.840;612,398.84;49.837
21.01.2025;10,376.5;50.860;527,780.75;50.863
22.01.2025;26,085.3;52.150;1,360,341.52;52.150
23.01.2025;13,852.4;51.830;717,990.12;51.831
24.01.2025;10,486.4;51.410;539,073.80;51.407
25.01.2025;4,326.2;51.490;222,769.90;51.493
26.01.2025;4,852.8;50.420;244,683.11;50.421
27.01.2025;24,666.8;49.800;1,228,511.35;49.804
28.01.2025;10,912.1;50.780;554,085.87;50.777
29.01.2025;6,330.4;51.590;326,603.87;51.593
30.01.2025;6,357.9;54.030;343,487.52;54.025
31.01.2025;10,602.6;55.140;584,652.64;55.142
01.02.2025;10,851.0;56.490;613,016.13;56.494
02.02.2025;11,931.8;57.380;684,689.18;57.384
03.02.2025;12,677.0;56.570;717,083.60;56.566
04.02.2025;12,632.4;55.300;698,559.36;55.299
05.02.2025;12,222.8;55.310;676,055.65;55.311
06.02.2025;23,692.2;57.440;1,360,773.06;57.435
07.02.2025;9,115.1;57.400;523,176.24;57.397
08.02.2025;12,051.8;58.810;708,802.48;58.813
09.02.2025;4,232.5;58.360;247,022.64;58.363
10.02.2025;10,058.5;60.610;609,607.49;60.606
11.02.2025;13,730.6;60.450;829,996.20;60.449
12.02.2025;20,701.0;58.680;1,214,812.72;58.684
13.02.2025;22,504.6;55.880;1,257,571.39;55.881
14.02.2025;21,513.0;53.270;1,145,928.85;53.267
15.02.2025;19,975.8;53.770;1,074,002.79;53.765
16.02.2025;13,748.7;54.290;746,359.55;54.286
17.02.2025;25,724.0;53.870;1,385,775.21;53.871
18.02.2025;29,839.8;52.280;1,560,118.02;52.283
19.02.2025;27,622.2;51.320;1,417,616.21;51.322
20.02.2025;20,303.7;51.350;1,042,622.61;51.351
21.02.2025;18,948.7;50.400;955,077.82;50.403
22.02.2025;15,443.1;49.220;760,170.70;49.224
23.02.2025;19,211.4;48.210;926,253.51;48.214
24.02.2025;19,916.5;48.360;963,124.82;48.358
25.02.2025;11,838.4;48.590;575,189.25;48.587
26.02.2025;17,644.9;46.720;824,449.15;46.725
27.02.2025;12,466.4;46.530;580,042.81;46.528
28.02.2025;8,999.3;47.870;430,761.23;47.866
01.03.2025;4,535.2;47.930;217,361.64;47.928
02.03.2025;4,194.9;48.230;202,319.19;48.230
03.03.2025;14,409.0;48.050;692,303.46;48.047
04.03.2025;13,732.9;46.780;642,438.48;46.781
05.03.2025;14,331.5;45.760;655,824.77;45.761
06.03.2025;22,658.5;43.990;996,785.67;43.992
07.03.2025;16,609.2;41.240;684,989.10;41.242
08.03.2025;5,771.7;40.760;235,230.59;40.756
09.03.2025;4,721.0;40.490;191,146.58;40.489
10.03.2025;5,940.5;43.030;255,591.03;43.025
11.03.2025;18,011.0;43.420;782,010.16;43.418
12.03.2025;8,108.5;44.670;362,167.91;44.665
13.03.2025;13,512.0;45.570;615,733.71;45.569
14.03.2025;11,403.8;44.950;512,580.18;44.948
15.03.2025;5,299.6;45.090;238,980.23;45.094
16.03.2025;7,601.0;45.330;344,559.74;45.331
17.03.2025;13,495.6;44.410;599,323.76;44.409
18.03.2025;19,407.0;44.060;855,017.92;44.057
19.03.2025;40,691.3;45.490;1,850,961.72;45.488
20.03.2025;12,377.8;45.810;567,066.53;45.813
21.03.2025;9,014.6;45.470;409,881.68;45.469
22.03.2025;9,470.3;44.370;420,178.89;44.368
23.03.2025;9,044.0;44.970;406,670.40;44.966
24.03.2025;14,738.0;45.030;663,675.02;45.032
25.03.2025;9,304.4;44.850;417,312.22;44.851
26.03.2025;8,365.9;44.040;368,467.08;44.044
27.03.2025;11,269.4;43.650;491,955.89;43.654
28.03.2025;11,455.0;43.590;499,325.78;43.590
29.03.2025;6,183.8;42.480;262,664.95;42.476
30.03.2025;4,201.0;41.890;175,965.92;41.887
31.03.2025;10,886.7;42.300;460,457.71;42.295
01.04.2025;20,290.0;44.680;906,528.66;44.679
02.04.2025;16,919.5;44.620;754,899.51;44.617
03.04.2025;14,304.8;42.530;608,430.27;42.533
04.04.2025;17,765.5;40.120;712,698.52;40.117
05.04.2025;13,716.3;39.390;540,263.07;39.388
06.04.2025;23,405.0;38.470;900,367.32;38.469
07.04.2025;23,519.5;39.110;919,801.57;39.108
08.04.2025;20,730.7;39.480;818,391.40;39.477
09.04.2025;18,712.7;37.740;706,304.87;37.745
10.04.2025;24,919.3;37.320;929,894.21;37.316
11.04.2025;16,737.3;36.780;615,617.75;36.781
12.04.2025;18,657.9;36.180;674,979.72;36.177
13.04.2025;11,557.0;36.470;421,434.09;36.466
14.04.2025;13,175.0;36.730;483,941.46;36.732
15.04.2025;13,536.4;36.820;498,419.24;36.821
16.04.2025;12,522.4;37.310;467,203.81;37.309
17.04.2025;9,993.0;37.400;373,760.71;37.402
18.04.2025;2,959.4;37.950;112,310.23;37.950
19.04.2025;7,803.0;37.920;295,879.73;37.919
20.04.2025;12,022.0;37.640;452,516.86;37.641
21.04.2025;8,859.0;37.580;332,946.70;37.583
22.04.2025;10,715.0;37.660;403,577.63;37.665
23.04.2025;19,237.2;37.000;711,848.04;37.004
24.04.2025;18,380.0;36.220;665,808.50;36.225
25.04.2025;12,156.0;35.650;433,368.43;35.651
26.04.2025;7,082.0;34.980;247,711.85;34.978
27.04.2025;8,120.0;34.660;281,463.95;34.663
28.04.2025;12,839.0;34.600;444,237.25;34.601
29.04.2025;10,090.4;34.290;346,018.32;34.292
30.04.2025;13,543.4;34.290;464,412.96;34.291
01.05.2025;9,232.3;33.970;313,579.27;33.965
02.05.2025;16,562.1;34.620;573,415.88;34.622
03.05.2025;7,950.2;34.580;274,884.12;34.576
04.05.2025;19,088.8;33.710;643,398.24;33.706
05.05.2025;14,248.1;34.830;496,215.13;34.827
06.05.2025;8,419.1;36.090;303,870.33;36.093
07.05.2025;8,053.8;37.500;302,026.00;37.501
08.05.2025;10,884.4;37.410;407,185.15;37.410
09.05.2025;15,942.4;37.360;595,647.22;37.362
10.05.2025;12,740.0;36.790;468,662.96;36.787
11.05.2025;7,035.1;36.290;255,335.65;36.295
12.05.2025;6,795.0;37.790;256,791.31;37.791
13.05.2025;25,260.7;37.780;954,453.20;37.784
14.05.2025;10,136.0;37.320;378,274.52;37.320
15.05.2025;7,925.0;37.050;293,634.46;37.052
16.05.2025;7,934.0;37.890;300,587.11;37.886
17.05.2025;14,212.2;37.670;535,337.80;37.667
18.05.2025;10,097.7;37.840;382,144.30;37.845
19.05.2025;13,952.2;37.650;525,252.80;37.647
20.05.2025;26,588.4;37.750;1,003,779.34;37.753
21.05.2025;29,962.7;38.760;1,161,237.65;38.756
22.05.2025;6,395.1;39.240;250,929.40;39.238
23.05.2025;7,601.5;39.250;298,374.92;39.252
24.05.2025;2,360.7;39.150;92,425.61;39.152
25.05.2025;1,363.0;39.510;53,851.92;39.510
26.05.2025;3,134.1;39.400;123,484.77;39.400
27.05.2025;4,171.1;39.190;163,461.20;39.189
28.05.2025;8,849.0;38.970;344,804.32;38.965
29.05.2025;12,871.0;38.530;495,892.56;38.528
30.05.2025;10,253.0;37.350;382,958.41;37.351
31.05.2025;6,719.0;36.340;244,179.20;36.342
01.06.2025;3,978.6;36.040;143,385.97;36.039
02.06.2025;14,126.0;36.600;516,995.45;36.599
03.06.2025;7,069.8;37.350;264,077.34;37.353
04.06.2025;7,101.2;38.220;271,410.87;38.220
05.06.2025;4,119.0;38.310;157,809.92;38.313
06.06.2025;4,659.0;38.170;177,852.90;38.174
07.06.2025;2,469.0;38.230;94,377.95;38.225
08.06.2025;1,925.0;38.420;73,963.35;38.423
09.06.2025;5,761.5;38.420;221,336.57;38.416
10.06.2025;5,603.0;37.240;208,656.53;37.240
11.06.2025;3,884.0;37.410;145,290.05;37.407
12.06.2025;3,710.0;38.330;142,215.92;38.333
13.06.2025;17,189.0;40.390;694,187.60;40.386
14.06.2025;3,127.6;39.880;124,736.32;39.882
15.06.2025;2,286.0;40.430;92,413.05;40.426
16.06.2025;6,676.0;41.590;277,639.91;41.588
17.06.2025;7,143.8;41.000;292,884.11;40.998
18.06.2025;7,681.0;41.920;322,017.52;41.924
19.06.2025;5,409.0;41.830;226,260.36;41.830
20.06.2025;5,575.0;42.960;239,506.79;42.961
21.06.2025;916.5;42.800;39,229.71;42.804
22.06.2025;6,850.1;44.040;301,665.08;44.038
23.06.2025;6,023.9;43.440;261,651.24;43.436
24.06.2025;8,819.0;40.690;358,889.04;40.695
25.06.2025;8,759.0;38.310;335,556.94;38.310
26.06.2025;11,153.0;37.320;416,247.11;37.322
27.06.2025;9,339.0;36.020;336,395.87;36.021
28.06.2025;4,523.6;35.690;161,427.18;35.686
29.06.2025;4,018.0;35.480;142,566.10;35.482
30.06.2025;13,726.0;35.130;482,249.75;35.134
01.07.2025;5,246.5;35.200;184,653.05;35.195
02.07.2025;6,013.1;35.640;214,288.40;35.637
03.07.2025;5,394.2;35.830;193,291.91;35.833
04.07.2025;10,807.5;35.810;386,997.37;35.808
05.07.2025;10,352.9;35.360;366,083.59;35.360
06.07.2025;4,025.1;35.860;144,357.44;35.864
07.07.2025;10,525.0;35.900;377,820.49;35.897
08.07.2025;8,315.0;35.960;299,027.86;35.962
09.07.2025;19,263.0;36.740;707,631.78;36.735
10.07.2025;7,271.1;37.010;269,125.98;37.013
11.07.2025;4,876.0;36.980;180,312.68;36.980
12.07.2025;4,504.0;37.640;169,533.33;37.641
13.07.2025;3,199.2;37.770;120,839.72;37.772
14.07.2025;8,482.5;37.860;321,152.03;37.861
15.07.2025;6,161.2;37.540;231,269.46;37.536
16.07.2025;9,934.5;36.750;365,088.44;36.750
17.07.2025;11,820.0;37.020;437,545.75;37.017
18.07.2025;4,648.5;36.880;171,423.21;36.877
19.07.2025;9,961.0;35.920;357,825.79;35.923
20.07.2025;2,427.0;36.140;87,707.87;36.138
21.07.2025;4,634.0;36.090;167,229.41;36.087
22.07.2025;5,552.0;35.720;198,330.90;35.722
23.07.2025;9,276.0;35.620;330,427.81;35.622
24.07.2025;8,917.0;35.200;313,858.26;35.198
25.07.2025;7,010.0;34.640;242,800.45;34.636
26.07.2025;4,613.0;34.580;159,497.32;34.576
27.07.2025;3,663.2;34.870;127,736.44;34.870
28.07.2025;4,916.0;34.580;169,984.08;34.578
29.07.2025;12,700.0;34.570;439,020.35;34.569
30.07.2025;4,085.0;36.110;147,503.46;36.109
31.07.2025;6,032.1;36.390;219,513.10;36.391
01.08.2025;6,433.0;36.230;233,060.33;36.229
02.08.2025;3,550.0;35.560;126,222.21;35.556
03.08.2025;3,028.0;35.260;106,760.25;35.258
04.08.2025;6,217.0;35.190;218,770.34;35.189
05.08.2025;8,922.6;35.090;313,063.99;35.087
06.08.2025;7,453.0;35.280;262,925.88;35.278
07.08.2025;6,705.9;34.850;233,672.47;34.846
08.08.2025;8,757.2;34.440;301,582.77;34.438
09.08.2025;10,140.6;34.370;348,557.78;34.373
10.08.2025;4,738.0;33.820;160,258.64;33.824
11.08.2025;6,986.0;34.380;240,189.39;34.382
12.08.2025;5,609.0;34.340;192,599.08;34.338
13.08.2025;5,102.8;34.220;174,595.98;34.216
14.08.2025;6,409.4;33.910;217,326.67;33.907
15.08.2025;6,785.0;33.450;226,969.84;33.452
16.08.2025;7,398.0;33.190;245,570.88;33.194
17.08.2025;10,573.0;33.290;351,959.03;33.288
18.08.2025;9,069.0;33.000;299,272.72;33.000
19.08.2025;8,424.0;32.770;276,028.31;32.767
20.08.2025;7,200.0;32.780;236,016.56;32.780
21.08.2025;3,494.0;33.380;116,641.04;33.383
22.08.2025;6,985.0;34.760;242,792.55;34.759
23.08.2025;5,140.0;34.900;179,363.75;34.896
24.08.2025;4,526.0;35.000;158,431.56;35.005
25.08.2025;5,259.3;35.110;184,666.76;35.112
26.08.2025;7,757.6;34.970;271,321.86;34.975
27.08.2025;5,670.9;34.500;195,669.47;34.504
28.08.2025;7,625.3;33.440;255,023.48;33.444
29.08.2025;7,394.2;32.790;242,452.59;32.790
30.08.2025;7,151.0;32.530;232,625.52;32.530
31.08.2025;6,829.0;32.190;219,808.07;32.187
01.09.2025;10,950.0;32.230;352,925.20;32.231
02.09.2025;7,223.0;33.100;239,045.20;33.095
03.09.2025;4,172.0;32.720;136,525.20;32.724
04.09.2025;1,790.0;32.520;58,208.40;32.519
05.09.2025;2,549.4;32.610;83,132.54;32.609
06.09.2025;4,308.0;32.480;139,942.50;32.484
07.09.2025;3,654.0;32.860;120,075.00;32.861
08.09.2025;6,390.6;33.520;214,191.74;33.517
09.09.2025;4,671.0;33.650;157,158.24;33.646
10.09.2025;4,156.0;33.910;140,933.85;33.911
11.09.2025;5,064.0;33.770;171,021.75;33.772
12.09.2025;7,182.0;33.290;239,096.64;33.291
13.09.2025;7,297.0;33.190;242,192.18;33.191
14.09.2025;1,575.8;33.400;52,634.71;33.402
15.09.2025;3,329.0;33.140;110,313.53;33.137
16.09.2025;7,488.3;32.750;245,264.93;32.753
17.09.2025;12,004.0;32.820;394,007.90;32.823
18.09.2025;7,774.4;32.890;255,707.75;32.891
19.09.2025;6,406.0;33.040;211,648.50;33.039
20.09.2025;4,188.0;32.800;137,368.60;32.801
21.09.2025;6,059.5;32.920;199,452.82;32.916
22.09.2025;3,106.0;32.920;102,259.66;32.923
23.09.2025;6,730.0;33.120;222,891.68;33.119
24.09.2025;5,984.0;33.230;198,847.43;33.230
25.09.2025;6,911.6;32.900;227,401.40;32.901
26.09.2025;7,530.0;33.330;250,980.39;33.331
27.09.2025;3,542.4;33.120;117,329.72;33.122
28.09.2025;7,219.0;33.500;241,855.80;33.503
29.09.2025;12,236.0;33.520;410,107.76;33.516
30.09.2025;10,368.0;33.260;344,838.69;33.260
01.10.2025;13,448.4;32.810;441,232.11;32.809
02.10.2025;16,355.2;32.660;534,201.24;32.662
03.10.2025;10,161.1;32.910;334,418.04;32.912
04.10.2025;5,723.8;33.450;191,487.34;33.455
05.10.2025;6,277.0;34.370;215,750.14;34.372
06.10.2025;8,428.0;34.500;290,756.30;34.499
07.10.2025;11,927.0;34.900;416,254.88;34.900
08.10.2025;9,572.8;34.820;333,349.56;34.823
09.10.2025;8,534.8;34.320;292,931.04;34.322
10.10.2025;8,356.1;33.890;283,200.88;33.892
11.10.2025;6,346.2;33.730;214,040.74;33.727
12.10.2025;8,369.3;33.620;281,394.91;33.622
13.10.2025;11,404.2;33.910;386,762.31;33.914
14.10.2025;9,418.4;33.770;318,060.30;33.770
15.10.2025;11,740.6;33.700;395,609.86;33.696
16.10.2025;11,047.4;34.020;375,811.21;34.018
17.10.2025;8,443.0;34.110;287,989.55;34.110
18.10.2025;8,393.2;34.050;285,762.28;34.047
19.10.2025;7,936.5;33.930;269,320.90;33.934
20.10.2025;11,370.5;34.080;387,490.43;34.079
21.10.2025;16,026.4;34.070;545,945.11;34.065
22.10.2025;8,453.4;34.050;287,869.15;34.054
23.10.2025;11,575.8;34.310;397,185.24;34.312
24.10.2025;9,819.8;34.310;336,873.20;34.306
25.10.2025;7,560.8;34.180;258,459.37;34.184
26.10.2025;5,507.0;34.600;190,549.73;34.601
27.10.2025;16,020.4;33.740;540,533.58;33.740
28.10.2025;9,050.4;33.650;304,588.34;33.655
29.10.2025;12,337.9;33.870;417,844.48;33.867
30.10.2025;9,683.2;33.820;327,521.08;33.824
31.10.2025;10,140.0;33.410;338,734.94;33.406
01.11.2025;4,979.8;33.050;164,606.79;33.055
02.11.2025;4,590.0;33.410;153,336.80;33.407
03.11.2025;7,278.0;33.580;244,372.05;33.577
04.11.2025;7,144.4;33.810;241,554.42;33.810
05.11.2025;6,800.6;34.120;232,059.81;34.123
06.11.2025;7,492.5;33.910;254,073.84;33.910
07.11.2025;7,304.6;33.630;245,675.33;33.633
08.11.2025;5,358.8;33.320;178,566.12;33.322
09.11.2025;8,174.0;33.360;272,694.47;33.361
10.11.2025;5,975.1;33.270;198,806.61;33.273
11.11.2025;8,918.4;33.270;296,736.49;33.272
12.11.2025;8,004.0;33.460;267,804.35;33.459
13.11.2025;9,165.2;32.910;301,605.07;32.908
14.11.2025;10,087.7;32.950;332,362.96;32.947
15.11.2025;13,579.2;33.580;455,975.54;33.579
16.11.2025;6,958.3;33.530;233,313.88;33.530
17.11.2025;6,105.0;33.760;206,115.44;33.762
18.11.2025;14,893.0;34.010;506,527.14;34.011
19.11.2025;11,776.6;33.730;397,265.95;33.734
20.11.2025;11,817.3;33.360;394,270.25;33.364
21.11.2025;15,702.0;33.120;519,983.60;33.116
22.11.2025;18,083.8;33.150;599,426.76;33.147
23.11.2025;30,384.4;33.640;1,022,205.80;33.642
24.11.2025;20,127.0;32.800;660,154.31;32.799
25.11.2025;20,029.6;32.160;644,141.38;32.159
26.11.2025;17,451.6;31.970;557,869.59;31.967
27.11.2025;8,893.4;31.570;280,720.90;31.565
28.11.2025;10,307.2;31.320;322,793.32;31.317
29.11.2025;5,686.5;31.440;178,779.26;31.439
30.11.2025;7,205.6;31.380;226,090.31;31.377
01.12.2025;11,865.1;30.930;366,969.53;30.928
02.12.2025;10,929.0;30.350;331,697.70;30.350
03.12.2025;7,998.2;30.370;242,894.21;30.369
04.12.2025;17,756.8;30.300;538,032.68;30.300
05.12.2025;10,829.2;29.930;324,130.02;29.931
06.12.2025;5,237.3;29.680;155,461.81;29.684
07.12.2025;8,852.2;29.580;261,821.55;29.577
08.12.2025;10,239.0;29.410;301,151.33;29.412
09.12.2025;7,346.0;29.530;216,936.56;29.531
10.12.2025;6,538.9;29.500;192,905.33;29.501
11.12.2025;12,532.6;29.160;365,475.96;29.162
12.12.2025;13,253.2;29.210;387,185.74;29.215
13.12.2025;13,163.0;29.710;391,029.15;29.707
14.12.2025;6,830.5;30.070;205,407.80;30.072
15.12.2025;12,103.0;30.080;364,004.26;30.076
16.12.2025;9,750.2;29.580;288,374.54;29.576
17.12.2025;29,500.8;29.400;867,269.50;29.398
18.12.2025;4,970.0;30.010;149,166.71;30.013
19.12.2025;5,726.2;30.660;175,570.67;30.661
20.12.2025;4,177.7;30.700;128,258.95;30.701
21.12.2025;5,878.0;30.960;181,960.87;30.956
22.12.2025;11,023.3;30.200;332,947.80;30.204
23.12.2025;7,996.8;30.060;240,393.62;30.061
24.12.2025;10,804.3;30.490;329,475.28;30.495
25.12.2025;8,176.1;31.280;255,770.76;31.283
26.12.2025;9,331.3;32.250;300,955.31;32.252
27.12.2025;20,326.3;32.430;659,234.10;32.433
28.12.2025;6,789.3;32.060;217,669.38;32.061
29.12.2025;11,111.0;31.600;351,141.68;31.603
30.12.2025;14,360.4;30.840;442,877.25;30.840
31.12.2025;8,557.6;30.940;264,786.20;30.942
