Date;Solar Baseload [MWh];Solar Peakload [MWh];Solar Off-peak [MWh];Wind Baseload [MWh];Wind Peakload [MWh];Wind Off-peak [MWh]
2022-12-25;1525.04;;1525.04;15741.57;;15741.57
2022-12-26;637.9;1271.52;4.27;30038.23;33278.69;26797.77
2022-12-27;2055.16;4106.08;4.23;29593.47;28728.52;30458.42
2022-12-28;1277.51;2550.71;4.31;35596.58;37202.15;33991.02
2022-12-29;1295.62;2586.96;4.29;35824.7;37721.92;33927.48
2022-12-30;2016.22;4028.06;4.38;33059.84;34403.42;31716.27
2022-12-31;1409.29;;1409.29;32815.24;;32815.24
2023-01-01;1758.69;;1758.69;28210.41;;28210.41
2023-01-02;1352.2;2702.33;2.06;27871.65;30235.35;25507.94
2023-01-03;1828.54;3655.1;1.98;18031.6;14089.08;21974.12
2023-01-04;536.02;1069.77;2.27;45413.03;49136.21;41689.85
2023-01-05;921.91;1841.67;2.15;29220.93;26040.88;32400.98
2023-01-06;1194.36;2386.56;2.17;27200.49;30775.48;23625.5
2023-01-07;1878.94;;1878.94;24494.01;;24494.01
2023-01-08;949.58;;949.58;26082.71;;26082.71
2023-01-09;1050.91;2099.46;2.35;22680.2;20968.4;24392.0
2023-01-10;1177.71;2353.23;2.19;25308.65;24053.42;26563.88
2023-01-11;765.71;1529.17;2.25;33924.91;30218.67;37631.15
2023-01-12;758.22;1514.27;2.17;44702.44;45620.17;43784.71
2023-01-13;1458.45;2914.71;2.19;43385.14;44083.15;42687.12
2023-01-14;1211.77;;1211.77;41319.75;;41319.75
2023-01-15;1010.17;;1010.17;41804.98;;41804.98
2023-01-16;2060.81;4119.08;2.54;28780.62;29217.92;28343.33
2023-01-17;2435.09;4866.81;3.38;23140.76;19635.88;26645.65
2023-01-18;1382.65;2762.94;2.35;15423.62;14218.42;16628.83
2023-01-19;1470.39;2937.52;3.25;21547.79;20318.17;22777.42
2023-01-20;996.77;1989.44;4.1;4656.03;2730.21;6581.85
2023-01-21;680.0;;680.0;14182.28;;14182.28
2023-01-22;310.53;;310.53;11302.06;;11302.06
2023-01-23;558.86;1113.75;3.98;5333.98;5011.54;5656.42
2023-01-24;534.24;1065.27;3.21;3732.38;2928.46;4536.29
2023-01-25;320.66;637.27;4.04;4484.62;5653.19;3316.06
2023-01-26;452.27;901.48;3.06;6328.34;6372.42;6284.27
2023-01-27;724.03;1443.77;4.29;9024.52;8319.38;9729.67
2023-01-28;1028.76;;1028.76;5186.32;;5186.32
2023-01-29;1297.41;;1297.41;21352.5;;21352.5
2023-01-30;1296.86;2588.69;5.04;36044.66;37330.25;34759.06
2023-01-31;1088.73;2172.23;5.23;35789.61;37839.29;33739.94
2023-02-01;1086.32;2167.96;4.69;41469.35;42292.98;40645.73
2023-02-02;1248.83;2493.77;3.9;27632.41;20295.52;34969.29
2023-02-03;899.19;1793.38;5.0;40768.05;43030.92;38505.19
2023-02-04;3163.33;;3163.33;8393.6;;8393.6
2023-02-05;1874.65;;1874.65;11650.49;;11650.49
2023-02-06;2059.56;4113.67;5.46;5033.9;3833.44;6234.35
2023-02-07;5519.4;11031.33;7.46;5632.62;3675.29;7589.96
2023-02-08;6278.86;12547.23;10.5;11564.17;10680.81;12447.52
2023-02-09;5738.06;11464.67;11.46;18785.9;15765.06;21806.73
2023-02-10;4351.31;8691.88;10.75;21439.5;19979.1;22899.9
2023-02-11;2111.96;;2111.96;25472.48;;25472.48
2023-02-12;2302.74;;2302.74;5277.5;;5277.5
2023-02-13;3298.95;6590.88;7.02;4320.49;3248.94;5392.04
2023-02-14;3791.52;7574.75;8.29;3281.92;2423.02;4140.81
2023-02-15;4505.32;8994.88;15.77;6257.56;4870.12;7645.0
2023-02-16;4376.04;8732.1;19.98;18422.09;15172.15;21672.04
2023-02-17;1478.02;2947.25;8.79;40892.31;45244.71;36539.92
2023-02-18;1817.81;;1817.81;31966.72;;31966.72
2023-02-19;2969.0;;2969.0;18678.01;;18678.01
2023-02-20;4535.48;9044.85;26.1;37857.89;40824.83;34890.94
2023-02-21;4426.8;8816.88;36.73;17565.42;13841.83;21289.0
2023-02-22;4801.71;9561.73;41.69;5981.2;6472.23;5490.17
2023-02-23;2210.66;4399.31;22.0;8053.72;8257.1;7850.33
2023-02-24;2065.17;4107.62;22.71;25479.83;28695.67;22264.0
2023-02-25;3213.16;;3213.16;28979.98;;28979.98
2023-02-26;4162.65;;4162.65;17184.59;;17184.59
2023-02-27;5188.76;10313.85;63.67;8501.91;8079.42;8924.4
2023-02-28;7283.0;14465.56;100.44;6973.06;6646.9;7299.23
2023-03-01;7863.57;15601.85;125.29;7555.62;6904.58;8206.67
2023-03-02;6914.04;13716.23;111.85;7021.22;5116.35;8926.08
2023-03-03;4941.8;9827.6;56.0;8871.31;8092.27;9650.35
2023-03-04;3250.1;;3250.1;20798.8;;20798.8
2023-03-05;2659.49;;2659.49;13785.79;;13785.79
2023-03-06;2969.09;5891.31;46.88;11176.07;8546.98;13805.17
2023-03-07;3744.54;7423.96;65.12;29586.83;29463.77;29709.9
2023-03-08;1895.52;3724.62;66.42;9288.08;6873.17;11703.0
2023-03-09;3023.05;5994.15;51.96;11788.08;9776.04;13800.12
2023-03-10;3158.74;6245.17;72.31;25940.39;25009.08;26871.69
2023-03-11;4959.85;;4959.85;19332.26;;19332.26
2023-03-12;3467.36;;3467.36;20187.79;;20187.79
2023-03-13;4224.72;8391.06;58.38;39518.75;40814.0;38223.5
2023-03-14;3482.92;6839.25;126.58;35393.32;37280.44;33506.21
2023-03-15;6151.9;12088.23;215.56;17354.85;16342.44;18367.27
2023-03-16;8666.25;16984.54;347.96;22542.11;22049.9;23034.33
2023-03-17;7427.14;14500.81;353.46;20073.97;14614.02;25533.92
2023-03-18;7806.48;;7806.48;8724.25;;8724.25
2023-03-19;5366.62;;5366.62;7045.29;;7045.29
2023-03-20;3601.78;7053.92;149.65;10963.78;12167.1;9760.46
2023-03-21;5145.02;10061.73;228.31;12167.6;13223.58;11111.62
2023-03-22;7321.6;14236.08;407.12;27642.88;28000.29;27285.46
2023-03-23;3870.39;7582.02;158.75;30132.6;28282.71;31982.5
2023-03-24;4122.22;8099.4;145.04;32479.15;30534.1;34424.19
2023-03-25;5910.83;;5910.83;33746.03;;33746.03
2023-03-26;4629.29;;4629.29;19668.6;;19668.6
2023-03-27;7563.79;15075.06;52.52;25239.33;24530.02;25948.65
2023-03-28;8568.72;17069.1;68.33;14927.19;10165.31;19689.06
2023-03-29;4986.93;9926.46;47.4;13306.54;10481.44;16131.65
2023-03-30;4352.04;8669.69;34.4;31523.39;35740.4;27306.38
2023-03-31;4456.48;8866.65;46.31;20038.24;16367.73;23708.75
2023-04-01;3361.59;;3361.59;29471.71;;29471.71
2023-04-02;4966.59;;4966.59;22369.15;;22369.15
2023-04-03;8998.11;17857.42;138.81;12271.48;11187.71;13355.25
2023-04-04;10883.61;21567.96;199.27;3891.48;2070.92;5712.04
2023-04-05;10989.48;21772.92;206.04;1808.65;963.77;2653.52
2023-04-06;11150.97;22066.79;235.15;9230.46;8443.5;10017.42
2023-04-07;7368.45;14566.52;170.38;12389.78;11410.69;13368.88
2023-04-08;3866.05;;3866.05;4485.72;;4485.72
2023-04-09;9235.56;;9235.56;3611.08;;3611.08
2023-04-10;10752.42;21206.23;298.6;21612.42;19788.06;23436.77
2023-04-11;7289.93;14503.56;76.29;25438.03;28068.94;22807.12
2023-04-12;5361.7;10538.67;184.73;20100.94;21666.94;18534.94
2023-04-13;6666.8;13161.73;171.88;19610.47;19599.92;19621.02
2023-04-14;7193.64;14217.29;169.98;6164.71;5143.73;7185.69
2023-04-15;3830.31;;3830.31;13927.95;;13927.95
2023-04-16;3792.34;;3792.34;7520.85;;7520.85
2023-04-17;6908.71;13646.94;170.48;9121.52;9725.58;8517.46
2023-04-18;6076.11;11944.92;207.31;17803.04;17723.81;17882.27
2023-04-19;8518.21;16748.65;287.77;22235.03;23348.42;21121.65
2023-04-20;5741.48;11266.83;216.12;18463.01;17340.08;19585.94
2023-04-21;11523.9;22644.12;403.67;20648.46;17977.77;23319.15
2023-04-22;10945.28;;10945.28;16071.67;;16071.67
2023-04-23;8328.85;;8328.85;10185.2;;10185.2
2023-04-24;6307.04;12350.29;263.79;25554.49;28240.96;22868.02
2023-04-25;6653.69;12985.25;322.12;20554.71;20886.71;20222.71
2023-04-26;9382.43;18216.56;548.29;14010.19;12681.21;15339.17
2023-04-27;10856.42;21243.17;469.67;5583.19;4125.75;7040.62
2023-04-28;5076.65;9838.48;314.81;11397.3;10719.15;12075.46
2023-04-29;6737.19;;6737.19;11022.32;;11022.32
2023-04-30;12417.01;;12417.01;4999.9;;4999.9
2023-05-01;9455.98;18309.65;602.31;6583.35;3382.98;9783.73
2023-05-02;7893.02;15410.19;375.85;13483.78;12965.04;14002.52
2023-05-03;12971.36;25260.38;682.35;4626.16;1990.69;7261.62
2023-05-04;13310.94;25825.65;796.23;9923.4;7054.69;12792.1
2023-05-05;9862.9;19057.15;668.65;17703.15;15350.54;20055.75
2023-05-06;8791.79;;8791.79;10117.52;;10117.52
2023-05-07;9553.74;;9553.74;16275.08;;16275.08
2023-05-08;9880.45;19135.06;625.83;13566.77;11011.1;16122.44
2023-05-09;11240.36;21724.17;756.56;16549.27;14538.21;18560.33
2023-05-10;7040.8;13584.54;497.06;10214.1;7703.46;12724.75
2023-05-11;5960.66;11526.12;395.19;4945.34;4465.83;5424.85
2023-05-12;8639.18;16764.56;513.79;11703.23;10843.02;12563.44
2023-05-13;10076.38;;10076.38;9797.15;;9797.15
2023-05-14;9878.62;;9878.62;4095.44;;4095.44
2023-05-15;9938.19;19185.02;691.35;8387.76;8726.15;8049.38
2023-05-16;7218.28;13890.85;545.71;22680.74;22685.67;22675.81
2023-05-17;10884.06;20920.48;847.65;16708.6;15414.38;18002.83
2023-05-18;12814.49;24636.88;992.1;5798.55;3442.77;8154.33
2023-05-19;11045.69;21191.54;899.83;10317.83;8928.83;11706.83
2023-05-20;10333.76;;10333.76;16504.49;;16504.49
2023-05-21;11656.26;;11656.26;12729.4;;12729.4
2023-05-22;12056.98;23156.75;957.21;11278.28;8169.25;14387.31
2023-05-23;6891.49;13247.77;535.21;21688.05;24890.81;18485.29
2023-05-24;8757.4;16791.46;723.33;8795.79;5222.0;12369.58
2023-05-25;12795.22;24583.17;1007.27;10376.26;9492.75;11259.77
2023-05-26;14266.24;27423.17;1109.31;11601.85;9989.6;13214.1
2023-05-27;15054.7;;15054.7;5027.26;;5027.26
2023-05-28;14374.05;;14374.05;5969.29;;5969.29
2023-05-29;14267.52;27303.1;1231.94;11413.88;8295.12;14532.62
2023-05-30;13624.61;26150.73;1098.5;8552.31;5116.54;11988.08
2023-05-31;15209.57;29187.56;1231.58;10581.99;9203.58;11960.4
2023-06-01;13256.08;25473.56;1038.6;13511.34;11384.29;15638.4
2023-06-02;13321.22;25606.75;1035.69;10320.02;7909.96;12730.08
2023-06-03;15360.64;;15360.64;8390.53;;8390.53
2023-06-04;15017.02;;15017.02;5371.9;;5371.9
2023-06-05;13631.47;26047.9;1215.04;5329.01;3069.35;7588.67
2023-06-06;11097.7;21211.46;983.94;5215.4;4249.56;6181.23
2023-06-07;11785.59;22647.79;923.4;4220.52;3247.54;5193.5
2023-06-08;12144.55;23196.9;1092.21;6207.2;5448.25;6966.15
2023-06-09;14056.56;26956.04;1157.08;10332.44;8523.02;12141.85
2023-06-10;13616.46;;13616.46;14465.22;;14465.22
2023-06-11;14616.0;;14616.0;14586.5;;14586.5
2023-06-12;14887.71;28477.17;1298.25;13197.8;10033.54;16362.06
2023-06-13;15106.05;28897.81;1314.29;14430.96;12768.67;16093.25
2023-06-14;13557.58;25836.44;1278.73;10455.96;8660.88;12251.04
2023-06-15;12505.12;23812.06;1198.19;4711.1;3815.85;5606.35
2023-06-16;10812.25;20614.96;1009.54;5412.51;6487.81;4337.21
2023-06-17;13153.58;;13153.58;2145.64;;2145.64
2023-06-18;13354.1;;13354.1;2109.54;;2109.54
2023-06-19;10341.41;19895.79;787.02;10486.97;9318.58;11655.35
2023-06-20;11542.61;22244.98;840.25;6283.57;5135.21;7431.94
2023-06-21;11268.78;21550.81;986.75;8102.05;8811.9;7392.21
2023-06-22;10996.03;21022.21;969.85;8297.96;7192.1;9403.81
2023-06-23;7091.25;13672.42;510.08;14617.2;14339.1;14895.29
2023-06-24;14028.38;;14028.38;3024.01;;3024.01
2023-06-25;14223.71;;14223.71;1961.74;;1961.74
2023-06-26;12505.81;23812.33;1199.29;18669.9;22257.52;15082.27
2023-06-27;10763.75;20523.48;1004.02;16325.56;17382.06;15269.06
2023-06-28;11080.19;21233.19;927.19;6876.81;5893.31;7860.31
2023-06-29;10194.71;19396.33;993.08;3287.31;3515.5;3059.12
2023-06-30;7501.44;14381.08;621.79;4267.3;4245.79;4288.81
2023-07-01;8250.83;;8250.83;20202.97;;20202.97
2023-07-02;10651.7;;10651.7;22956.01;;22956.01
2023-07-03;9857.56;18841.96;873.17;25047.91;28366.65;21729.17
2023-07-04;12004.24;22964.35;1044.12;20141.26;20888.9;19393.62
2023-07-05;9747.7;18764.02;731.38;28778.2;33839.31;23717.08
2023-07-06;12974.2;24780.83;1167.56;9457.83;7032.48;11883.19
2023-07-07;15184.73;29169.25;1200.21;3336.49;1451.42;5221.56
2023-07-08;14104.59;;14104.59;9120.5;;9120.5
2023-07-09;13430.91;;13430.91;7164.86;;7164.86
2023-07-10;10915.19;21108.54;721.83;7447.28;9819.0;5075.56
2023-07-11;13707.32;26373.65;1041.0;8781.89;10352.04;7211.73
2023-07-12;10528.73;20356.1;701.35;18198.38;20597.1;15799.65
2023-07-13;11081.21;21262.27;900.15;13198.94;16931.35;9466.52
2023-07-14;12342.8;23654.96;1030.65;4708.76;3151.25;6266.27
2023-07-15;11310.28;;11310.28;18845.06;;18845.06
2023-07-16;11471.48;;11471.48;18837.31;;18837.31
2023-07-17;11630.79;22452.96;808.62;17197.52;19732.44;14662.6
2023-07-18;12521.61;24047.38;995.85;6311.93;5024.73;7599.12
2023-07-19;10277.93;19787.58;768.27;5268.88;7168.25;3369.5
2023-07-20;11255.77;21767.56;743.98;8503.68;10302.48;6704.88
2023-07-21;8229.67;15778.4;680.94;4258.84;4270.27;4247.42
2023-07-22;10730.46;;10730.46;10178.92;;10178.92
2023-07-23;8365.78;;8365.78;21378.34;;21378.34
2023-07-24;7615.67;14623.04;608.29;16708.03;16619.94;16796.12
2023-07-25;7454.16;14383.5;524.81;11399.23;11118.94;11679.52
2023-07-26;9434.86;18268.58;601.15;12720.68;12837.58;12603.77
2023-07-27;5224.41;9885.04;563.77;14341.77;13964.88;14718.67
2023-07-28;7351.93;14289.83;414.02;10040.54;9629.56;10451.52
2023-07-29;8373.93;;8373.93;10365.36;;10365.36
2023-07-30;9336.01;;9336.01;16599.21;;16599.21
2023-07-31;6605.44;12800.4;410.48;22944.44;23535.85;22353.02
2023-08-01;7195.27;14171.94;218.6;22285.8;23551.83;21019.77
2023-08-02;5915.81;11381.69;449.94;21465.25;22906.54;20023.96
2023-08-03;8562.68;16615.94;509.42;29173.51;31920.56;26426.46
2023-08-04;7995.48;15631.19;359.77;8390.93;7608.77;9173.08
2023-08-05;8227.53;;8227.53;3989.07;;3989.07
2023-08-06;6077.92;;6077.92;11178.41;;11178.41
2023-08-07;6931.77;13572.65;290.9;29603.29;31347.88;27858.71
2023-08-08;9191.86;17875.92;507.81;26684.12;27820.52;25547.73
2023-08-09;8275.6;16239.6;311.6;14005.78;12371.33;15640.23
2023-08-10;12544.44;24545.81;543.06;4055.85;3893.73;4217.98
2023-08-11;12968.98;25385.46;552.5;3410.77;3575.79;3245.75
2023-08-12;7747.18;;7747.18;8302.29;;8302.29
2023-08-13;9820.36;;9820.36;6648.58;;6648.58
2023-08-14;10866.75;21255.77;477.73;3502.34;2921.83;4082.85
2023-08-15;9507.77;18583.46;432.08;7114.42;6878.81;7350.02
2023-08-16;10037.95;19721.27;354.62;3613.09;2233.46;4992.73
2023-08-17;8177.72;16043.33;312.1;7625.96;6871.85;8380.06
2023-08-18;11902.29;23448.83;355.75;6176.6;4495.19;7858.02
2023-08-19;10278.21;;10278.21;8916.83;;8916.83
2023-08-20;11771.61;;11771.61;2785.34;;2785.34
2023-08-21;11605.66;22822.96;388.35;1984.47;2021.94;1947.0
2023-08-22;10890.42;21431.81;349.02;2846.32;2955.75;2736.9
2023-08-23;11764.21;23149.25;379.17;2302.35;3026.04;1578.67
2023-08-24;10063.78;19794.02;333.54;3520.83;3546.98;3494.69
2023-08-25;6340.27;12376.4;304.15;7818.12;7123.46;8512.79
2023-08-26;8528.05;;8528.05;8881.18;;8881.18
2023-08-27;5140.95;;5140.95;5705.92;;5705.92
2023-08-28;5244.05;10310.67;177.44;6545.15;3716.02;9374.27
2023-08-29;4691.97;9288.06;95.88;2472.99;2157.65;2788.33
2023-08-30;7182.47;14192.12;172.81;5734.42;6125.81;5343.02
2023-08-31;8179.27;16153.73;204.81;13715.43;15242.21;12188.65
2023-09-01;6982.97;13779.83;186.1;7025.35;5698.29;8352.42
2023-09-02;10057.42;;10057.42;1870.77;;1870.77
2023-09-03;9238.73;;9238.73;4517.0;;4517.0
2023-09-04;12082.53;23890.08;274.98;5313.24;3457.94;7168.54
2023-09-05;11781.48;23299.17;263.79;7824.53;4123.94;11525.12
2023-09-06;11920.17;23584.31;256.02;5935.4;3410.08;8460.71
2023-09-07;12220.6;24195.62;245.58;12853.12;10151.67;15554.58
2023-09-08;11885.68;23522.17;249.19;7292.1;3423.94;11160.27
2023-09-09;11585.11;;11585.11;2043.03;;2043.03
2023-09-10;11002.52;;11002.52;830.93;;830.93
2023-09-11;11018.85;21847.67;190.04;3359.83;2867.73;3851.94
2023-09-12;8862.54;17560.4;164.69;3863.53;3624.88;4102.19
2023-09-13;5017.0;9941.27;92.73;11340.09;12155.9;10524.29
2023-09-14;9152.6;18186.77;118.44;2661.34;1688.06;3634.62
2023-09-15;10937.21;21709.25;165.17;6811.59;4696.02;8927.17
2023-09-16;10474.18;;10474.18;5264.48;;5264.48
2023-09-17;9180.15;;9180.15;6209.12;;6209.12
2023-09-18;5020.78;9930.23;111.33;21441.51;21992.71;20890.31
2023-09-19;7758.46;15428.21;88.71;27083.64;26719.35;27447.92
2023-09-20;9267.53;18420.54;114.52;21890.98;19957.5;23824.46
2023-09-21;7693.11;15276.15;110.08;16081.9;12430.15;19733.65
2023-09-22;4144.95;8262.77;27.12;13726.12;13583.35;13868.9
2023-09-23;6752.16;;6752.16;13422.48;;13422.48
2023-09-24;9345.19;;9345.19;8785.22;;8785.22
2023-09-25;10110.99;20112.98;109.0;13272.94;10008.38;16537.5
2023-09-26;9701.31;19321.67;80.96;2525.72;2231.85;2819.58
2023-09-27;9000.49;17928.06;72.92;4793.07;1799.17;7786.98
2023-09-28;8720.28;17371.81;68.75;11624.99;8386.44;14863.54
2023-09-29;6057.08;12058.46;55.71;17002.25;18170.02;15834.48
2023-09-30;7494.31;;7494.31;11449.03;;11449.03
2023-10-01;7815.44;;7815.44;8291.55;;8291.55
2023-10-02;8326.45;16588.12;64.77;6972.66;5409.73;8535.58
2023-10-03;5141.92;10230.15;53.69;31491.79;36265.06;26718.52
2023-10-04;6983.2;13916.46;49.94;25920.61;23693.21;28148.02
2023-10-05;5186.16;10336.92;35.4;19646.54;17501.85;21791.23
2023-10-06;6932.65;13825.65;39.65;25835.78;27870.56;23801.0
2023-10-07;4447.88;;4447.88;27085.11;;27085.11
2023-10-08;4894.17;;4894.17;7026.0;;7026.0
2023-10-09;2641.58;5258.52;24.65;12444.88;13335.17;11554.58
2023-10-10;6086.51;12147.44;25.58;11442.99;10546.62;12339.35
2023-10-11;7053.99;14078.52;29.46;30844.64;30462.31;31226.96
2023-10-12;3120.91;6220.9;20.92;15246.78;10785.25;19708.31
2023-10-13;5256.81;10491.29;22.33;29264.99;35936.52;22593.46
2023-10-14;4614.81;;4614.81;30789.17;;30789.17
2023-10-15;5071.45;;5071.45;26288.73;;26288.73
2023-10-16;6225.29;12431.4;19.19;10646.2;6833.25;14459.15
2023-10-17;5187.09;10355.58;18.6;5554.65;4350.69;6758.6
2023-10-18;5464.03;10907.04;21.02;19325.17;19618.29;19032.04
2023-10-19;2199.67;4383.46;15.88;24241.83;21435.96;27047.71
2023-10-20;1516.03;3015.88;16.19;30852.57;34662.6;27042.54
2023-10-21;4707.42;;4707.42;22336.7;;22336.7
2023-10-22;5047.69;;5047.69;21844.9;;21844.9
2023-10-23;4462.54;8908.35;16.73;7960.16;4807.46;11112.85
2023-10-24;1238.46;2464.83;12.08;15407.86;12665.98;18149.75
2023-10-25;3717.28;7422.04;12.52;15341.78;13064.62;17618.94
2023-10-26;1881.36;3747.08;15.65;12017.21;9252.58;14781.83
2023-10-27;2035.27;4053.96;16.58;12285.31;13392.0;11178.62
2023-10-28;3091.02;;3091.02;17657.14;;17657.14
2023-10-29;2621.16;;2621.16;33946.04;;33946.04
2023-10-30;3346.84;6611.42;82.27;21084.71;16703.79;25465.62
2023-10-31;2091.17;4144.42;37.92;21852.84;25461.46;18244.23
2023-11-01;3859.22;7644.1;74.33;22607.42;23198.44;22016.4
2023-11-02;1492.12;2936.29;47.96;36987.75;40591.54;33383.96
2023-11-03;2174.76;4319.52;30.0;28062.51;26203.1;29921.92
2023-11-04;3690.84;;3690.84;33426.84;;33426.84
2023-11-05;2064.65;;2064.65;29657.22;;29657.22
2023-11-06;3419.26;6789.06;49.46;37515.96;35446.77;39585.15
2023-11-07;2745.43;5445.77;45.08;29964.76;27898.1;32031.42
2023-11-08;3125.82;6222.69;28.96;33568.18;32373.15;34763.21
2023-11-09;2067.43;4100.29;34.56;28317.61;25882.75;30752.48
2023-11-10;2345.79;4677.35;14.23;23118.61;22695.85;23541.38
2023-11-11;2243.12;;2243.12;14297.93;;14297.93
2023-11-12;2414.91;;2414.91;6980.0;;6980.0
2023-11-13;1130.96;2254.0;7.92;23632.05;26880.38;20383.73
2023-11-14;1277.51;2545.25;9.77;37648.04;38473.38;36822.71
2023-11-15;2051.27;4091.25;11.29;22724.75;19418.58;26030.92
2023-11-16;1722.74;3429.96;15.52;17974.19;12279.0;23669.38
2023-11-17;1813.4;3620.56;6.23;10336.21;9737.71;10934.71
2023-11-18;2020.79;;2020.79;16098.58;;16098.58
2023-11-19;2066.97;;2066.97;33792.55;;33792.55
2023-11-20;1772.86;3539.38;6.35;18742.21;17900.19;19584.23
2023-11-21;1199.22;2394.25;4.19;10317.26;10405.23;10229.29
2023-11-22;1992.89;3981.04;4.73;15078.72;14823.12;15334.31
2023-11-23;1568.73;3132.25;5.21;41534.16;43269.81;39798.5
2023-11-24;1519.94;3035.92;3.96;39369.22;39456.29;39282.15
2023-11-25;1246.32;;1246.32;23129.47;;23129.47
2023-11-26;1451.59;;1451.59;9147.76;;9147.76
2023-11-27;854.24;1705.12;3.35;17521.66;20627.21;14416.1
2023-11-28;567.54;1131.85;3.23;16392.7;11341.23;21444.17
2023-11-29;748.67;1494.27;3.06;19190.11;18783.31;19596.92
2023-11-30;557.3;1111.6;3.0;2731.15;2369.15;3093.15
2023-12-01;221.68;440.94;2.42;3815.41;3909.98;3720.83
2023-12-02;309.64;;309.64;3593.21;;3593.21
2023-12-03;760.93;;760.93;9075.99;;9075.99
2023-12-04;204.89;407.42;2.35;19942.93;19866.77;20019.08
2023-12-05;457.52;912.04;3.0;22347.07;21987.73;22706.42
2023-12-06;315.14;627.4;2.88;9595.03;8971.83;10218.23
2023-12-07;1330.72;2658.69;2.75;6533.32;4680.52;8386.12
2023-12-08;395.0;787.12;2.88;16317.53;14474.71;18160.35
2023-12-09;991.61;;991.61;27257.33;;27257.33
2023-12-10;1107.21;;1107.21;35254.93;;35254.93
2023-12-11;928.59;1854.67;2.52;28378.67;28068.35;28688.98
2023-12-12;988.28;1974.17;2.4;11503.86;9116.27;13891.46
2023-12-13;969.92;1937.48;2.35;18339.34;17128.1;19550.58
2023-12-14;691.48;1380.08;2.88;6185.07;4150.17;8219.98
2023-12-15;842.36;1682.0;2.73;14235.48;14728.0;13742.96
2023-12-16;1659.23;;1659.23;28029.8;;28029.8
2023-12-17;2344.85;;2344.85;29054.05;;29054.05
2023-12-18;2498.83;4994.71;2.96;31169.44;29623.88;32715.0
2023-12-19;1636.0;3268.67;3.33;30434.15;30145.46;30722.83
2023-12-20;1096.73;2190.29;3.17;38627.28;42122.52;35132.04
2023-12-21;334.97;666.96;2.98;48068.48;51486.73;44650.23
2023-12-22;752.09;1501.12;3.06;46602.46;47470.75;45734.17
2023-12-23;449.07;;449.07;34113.05;;34113.05
2023-12-24;450.74;;450.74;40200.81;;40200.81
2023-12-25;1187.71;2372.19;3.23;35314.2;34128.83;36499.56
2023-12-26;1210.44;2417.77;3.1;37683.07;41162.71;34203.44
2023-12-27;2119.47;4235.79;3.15;21289.12;18916.02;23662.23
2023-12-28;1327.78;2651.77;3.79;42683.56;43976.08;41391.04
2023-12-29;1253.8;2504.29;3.31;44442.99;47376.21;41509.77
2023-12-30;1929.3;;1929.3;32360.36;;32360.36
2023-12-31;1093.12;;1093.12;32629.58;;32629.58
2024-01-01;1589.29;3175.42;3.17;32519.31;32800.0;32238.62
2024-01-02;446.99;890.83;3.15;33821.52;34507.69;33135.35
2024-01-03;1349.97;2696.9;3.04;41813.21;43661.38;39965.04
2024-01-04;1105.24;2207.48;3.0;25046.81;22411.21;27682.42
2024-01-05;1076.44;2149.69;3.19;23727.85;27074.48;20381.23
2024-01-06;554.4;;554.4;16369.22;;16369.22
2024-01-07;683.23;;683.23;17712.52;;17712.52
2024-01-08;1718.77;3434.42;3.12;22056.67;22588.02;21525.31
2024-01-09;3166.54;6329.83;3.25;12170.07;10480.21;13859.94
2024-01-10;2958.21;5913.08;3.33;6737.41;5599.04;7875.77
2024-01-11;2737.64;5472.08;3.19;5973.12;6709.71;5236.54
2024-01-12;879.43;1755.62;3.23;9508.73;11160.29;7857.17
2024-01-13;556.85;;556.85;25795.09;;25795.09
2024-01-14;1441.82;;1441.82;28495.28;;28495.28
2024-01-15;947.98;1892.46;3.5;29500.06;27924.73;31075.4
2024-01-16;1420.39;2837.52;3.25;17587.38;14334.6;20840.15
2024-01-17;604.84;1206.4;3.29;14927.55;11325.9;18529.21
2024-01-18;979.93;1956.58;3.27;10971.24;10280.71;11661.77
2024-01-19;1354.21;2705.21;3.21;30000.16;29959.15;30041.17
2024-01-20;2556.2;;2556.2;30260.16;;30260.16
2024-01-21;1801.27;;1801.27;37630.44;;37630.44
2024-01-22;958.43;1913.38;3.48;45117.71;46215.92;44019.5
2024-01-23;2269.17;4534.46;3.88;42061.99;39577.31;44546.67
2024-01-24;1694.38;3385.33;3.42;47019.93;47857.25;46182.6
2024-01-25;2738.07;5472.44;3.71;26277.19;21171.15;31383.23
2024-01-26;1041.0;2078.58;3.42;34663.89;42729.17;26598.6
2024-01-27;5172.09;;5172.09;22867.17;;22867.17
2024-01-28;5951.6;;5951.6;19758.57;;19758.57
2024-01-29;5190.7;10377.12;4.27;18114.45;12500.5;23728.4
2024-01-30;3191.45;6377.83;5.06;22252.88;23297.29;21208.46
2024-01-31;1877.93;3751.6;4.25;25481.96;23539.44;27424.48
2024-02-01;2817.78;5631.9;3.67;31828.18;29381.62;34274.73
2024-02-02;2056.7;4109.77;3.62;36421.48;39820.46;33022.5
2024-02-03;2168.42;;2168.42;40161.06;;40161.06
2024-02-04;1497.96;;1497.96;43723.86;;43723.86
2024-02-05;3458.92;6913.29;4.54;46644.28;47495.27;45793.29
2024-02-06;1871.08;3736.17;6.0;49345.0;50318.92;48371.08
2024-02-07;1903.82;3801.27;6.38;26193.61;19395.71;32991.52
2024-02-08;1651.34;3297.56;5.12;11674.03;9956.27;13391.79
2024-02-09;1559.42;3113.96;4.88;27388.33;28414.75;26361.92
2024-02-10;2952.46;;2952.46;13291.64;;13291.64
2024-02-11;1273.27;;1273.27;18720.26;;18720.26
2024-02-12;2266.23;4524.54;7.92;14064.19;13350.5;14777.88
2024-02-13;5034.98;10052.31;17.65;20856.86;19756.98;21956.75
2024-02-14;2214.27;4416.94;11.6;21298.72;20230.15;22367.29
2024-02-15;3612.5;7210.46;14.54;16601.53;14267.98;18935.08
2024-02-16;3556.51;7087.54;25.48;24642.2;24677.96;24606.44
2024-02-17;3362.15;;3362.15;13516.12;;13516.12
2024-02-18;3770.44;;3770.44;22107.93;;22107.93
2024-02-19;2328.29;4643.67;12.92;28820.08;26279.25;31360.92
2024-02-20;3701.68;7379.81;23.54;23715.75;22258.0;25173.5
2024-02-21;4439.83;8848.54;31.12;28334.64;24601.58;32067.69
2024-02-22;1823.5;3637.88;9.12;33189.28;29295.31;37083.25
2024-02-23;3537.06;7037.17;36.96;33180.01;29847.71;36512.31
2024-02-24;5909.07;;5909.07;17486.09;;17486.09
2024-02-25;6464.01;;6464.01;13964.5;;13964.5
2024-02-26;4217.6;8361.1;74.1;13589.07;13536.17;13641.98
2024-02-27;3346.51;6656.31;36.71;6682.11;4196.79;9167.44
2024-02-28;4232.24;8432.83;31.65;6417.25;4911.25;7923.25
2024-02-29;6543.46;12971.94;114.98;21506.98;19759.65;23254.31
2024-03-01;3875.31;7676.98;73.65;16381.95;12875.52;19888.38
2024-03-02;6886.27;;6886.27;16118.17;;16118.17
2024-03-03;7750.99;;7750.99;15085.98;;15085.98
2024-03-04;3898.52;7694.83;102.21;8040.43;6499.48;9581.38
2024-03-05;2819.83;5574.58;65.08;13235.16;14147.94;12322.38
2024-03-06;4795.88;9481.96;109.79;6465.51;4753.6;8177.42
2024-03-07;5508.58;10881.15;136.02;13177.59;12782.4;13572.79
2024-03-08;10358.5;20455.94;261.06;25043.65;24574.54;25512.75
2024-03-09;9538.66;;9538.66;26405.38;;26405.38
2024-03-10;5648.35;;5648.35;29663.14;;29663.14
2024-03-11;6287.64;12357.02;218.25;18729.22;17841.67;19616.77
2024-03-12;3541.85;6920.96;162.75;6293.98;5290.21;7297.75
2024-03-13;4663.03;9114.85;211.21;11467.71;11219.31;11716.1
2024-03-14;7229.32;14293.19;165.46;16431.53;13850.67;19012.4
2024-03-15;6398.69;12472.94;324.44;26713.12;26339.31;27086.94
2024-03-16;5029.1;;5029.1;27041.22;;27041.22
2024-03-17;8511.32;;8511.32;9287.83;;9287.83
2024-03-18;6218.99;12093.17;344.81;10511.54;7316.56;13706.52
2024-03-19;8736.61;17060.35;412.88;7538.27;7213.9;7862.65
2024-03-20;9220.51;17914.79;526.23;2248.75;845.81;3651.69
2024-03-21;5869.83;11454.29;285.38;13368.41;13177.04;13559.77
2024-03-22;5929.97;11497.65;362.29;20011.98;21749.08;18274.88
2024-03-23;6074.21;;6074.21;24272.76;;24272.76
2024-03-24;5143.72;;5143.72;33688.77;;33688.77
2024-03-25;9355.76;18271.79;439.73;11941.73;5596.67;18286.79
2024-03-26;9451.17;18152.9;749.44;18459.97;16998.02;19921.92
2024-03-27;7693.68;14770.52;616.83;11526.69;8353.42;14699.96
2024-03-28;6357.58;12123.9;591.27;25719.46;29429.54;22009.38
2024-03-29;5728.3;11026.1;430.5;23917.06;20902.85;26931.27
2024-03-30;6927.34;;6927.34;11011.64;;11011.64
2024-03-31;9020.17;;9020.17;5875.87;;5875.87
2024-04-01;3743.6;7426.92;60.29;16065.0;15979.6;16150.4
2024-04-02;7517.58;14923.88;111.29;34052.7;37301.23;30804.17
2024-04-03;4966.26;9803.69;128.83;16119.39;13262.54;18976.23
2024-04-04;5335.31;10511.48;159.15;30099.43;30688.1;29510.75
2024-04-05;8119.94;16079.25;160.62;28319.74;30117.48;26522.0
2024-04-06;12161.33;;12161.33;19262.48;;19262.48
2024-04-07;9841.25;;9841.25;18769.27;;18769.27
2024-04-08;10476.3;20781.65;170.96;7356.22;3874.79;10837.65
2024-04-09;6188.15;12172.85;203.44;24927.67;27422.54;22432.79
2024-04-10;8774.04;17396.62;151.46;17230.84;13852.46;20609.23
2024-04-11;10149.79;19941.02;358.56;17994.2;17915.46;18072.94
2024-04-12;10631.45;20996.25;266.65;16653.88;19666.27;13641.48
2024-04-13;12216.62;;12216.62;18660.28;;18660.28
2024-04-14;11519.21;;11519.21;20530.24;;20530.24
2024-04-15;7586.02;14952.31;219.73;19242.73;22148.79;16336.67
2024-04-16;7128.73;14007.75;249.71;25047.77;23514.25;26581.29
2024-04-17;8418.93;16535.75;302.1;5799.54;4359.52;7239.56
2024-04-18;9615.65;18905.46;325.83;8532.78;9599.75;7465.81
2024-04-19;4599.9;8997.56;202.23;31854.96;34723.56;28986.35
2024-04-20;8682.49;;8682.49;15643.33;;15643.33
2024-04-21;8676.65;;8676.65;12443.58;;12443.58
2024-04-22;10202.14;19935.58;468.69;6158.02;5375.0;6941.04
2024-04-23;10311.73;20066.35;557.1;7503.05;8423.35;6582.75
2024-04-24;8520.76;16673.04;368.48;12128.9;11986.54;12271.25
2024-04-25;9038.66;17724.81;352.5;8237.42;7453.88;9020.96
2024-04-26;10253.0;19934.31;571.69;9121.95;7734.15;10509.75
2024-04-27;13754.79;;13754.79;8674.75;;8674.75
2024-04-28;10812.7;;10812.7;20880.08;;20880.08
2024-04-29;13469.42;26359.42;579.42;7807.64;3898.08;11717.19
2024-04-30;14562.35;28374.58;750.12;11135.79;7883.04;14388.54
2024-05-01;14436.24;28039.94;832.54;17741.17;14960.94;20521.4
2024-05-02;12829.61;24890.4;768.83;24849.01;22517.79;27180.23
2024-05-03;7124.6;13769.75;479.46;16966.49;16019.58;17913.4
2024-05-04;10963.21;;10963.21;3974.7;;3974.7
2024-05-05;9401.32;;9401.32;15156.18;;15156.18
2024-05-06;9153.48;17733.9;573.06;5501.2;4016.58;6985.81
2024-05-07;7323.26;14167.29;479.23;5880.2;4674.67;7085.73
2024-05-08;10186.84;19811.0;562.69;3338.31;2284.48;4392.15
2024-05-09;15048.23;29115.1;981.35;2056.3;1666.33;2446.27
2024-05-10;14998.53;29056.96;940.1;2114.98;1510.21;2719.75
2024-05-11;15096.64;;15096.64;4225.92;;4225.92
2024-05-12;15523.95;;15523.95;12038.86;;12038.86
2024-05-13;15166.33;29286.6;1046.06;17240.78;11803.48;22678.08
2024-05-14;16178.46;31201.12;1155.79;21755.38;18559.85;24950.9
2024-05-15;13204.39;25328.4;1080.38;21440.17;18618.17;24262.17
2024-05-16;11975.31;22999.67;950.96;19769.83;18775.12;20764.54
2024-05-17;8620.07;16595.5;644.65;19851.36;20460.31;19242.42
2024-05-18;10769.82;;10769.82;7794.55;;7794.55
2024-05-19;11029.78;;11029.78;4937.52;;4937.52
2024-05-20;14377.08;27636.21;1117.96;4754.72;3596.12;5913.31
2024-05-21;9467.43;18011.52;923.33;17481.94;16724.29;18239.58
2024-05-22;8336.11;16069.48;602.75;15355.53;14165.52;16545.54
2024-05-23;12694.01;24302.92;1085.1;6100.69;5344.25;6857.12
2024-05-24;10410.17;19965.69;854.65;4653.7;5413.58;3893.81
2024-05-25;12227.31;;12227.31;4133.09;;4133.09
2024-05-26;14041.4;;14041.4;4912.2;;4912.2
2024-05-27;11262.9;21680.08;845.71;5863.19;4214.31;7512.06
2024-05-28;11058.48;21360.04;756.92;7529.68;6973.0;8086.35
2024-05-29;9490.4;18017.38;963.42;16261.28;17344.21;15178.35
2024-05-30;9780.06;18764.35;795.77;4026.0;3543.92;4508.08
2024-05-31;7833.88;15041.08;626.67;7411.17;7517.54;7304.79
2024-06-01;8279.89;;8279.89;13222.08;;13222.08
2024-06-02;8058.23;;8058.23;17674.02;;17674.02
2024-06-03;7961.21;15350.54;571.88;8041.48;7267.65;8815.31
2024-06-04;12869.09;24700.02;1038.17;5163.9;4857.15;5470.65
2024-06-05;10827.6;20547.73;1107.48;15963.99;13659.44;18268.54
2024-06-06;14911.0;28399.65;1422.35;7683.26;7862.96;7503.56
2024-06-07;14790.62;28256.21;1325.04;5895.25;7739.25;4051.25
2024-06-08;14483.2;;14483.2;12561.29;;12561.29
2024-06-09;13652.92;;13652.92;12757.54;;12757.54
2024-06-10;12009.98;22891.92;1128.04;12184.8;9999.4;14370.21
2024-06-11;11059.76;21148.83;970.69;22117.59;22131.12;22104.06
2024-06-12;13314.72;25242.75;1386.69;12802.66;12775.85;12829.46
2024-06-13;13761.2;26247.6;1274.79;6041.95;4947.25;7136.65
2024-06-14;8474.74;16118.52;830.96;14408.56;14525.69;14291.44
2024-06-15;10999.25;;10999.25;20997.43;;20997.43
2024-06-16;12686.7;;12686.7;13888.54;;13888.54
2024-06-17;11811.02;22553.23;1068.81;7008.0;7990.42;6025.58
2024-06-18;13113.59;24874.54;1352.65;3098.43;2551.42;3645.44
2024-06-19;10398.24;19881.12;915.35;6936.04;7296.06;6576.02
2024-06-20;12283.17;23384.0;1182.33;3978.9;2350.5;5607.29
2024-06-21;7865.55;14757.65;973.46;7407.8;7114.12;7701.48
2024-06-22;12593.68;;12593.68;14824.75;;14824.75
2024-06-23;13021.95;;13021.95;5419.35;;5419.35
2024-06-24;16464.94;31416.9;1512.98;2496.51;1391.4;3601.62
2024-06-25;17747.28;33960.62;1533.94;7077.32;5378.44;8776.21
2024-06-26;15701.64;29975.42;1427.85;6282.23;3901.65;8662.81
2024-06-27;13372.93;25579.9;1165.96;5780.46;5742.06;5818.85
2024-06-28;14641.33;27991.69;1290.98;13296.01;17566.21;9025.81
2024-06-29;15687.97;;15687.97;4203.04;;4203.04
2024-06-30;7081.43;;7081.43;12735.78;;12735.78
2024-07-01;9411.57;18022.02;801.12;9833.54;12116.83;7550.25
2024-07-02;7162.6;13458.46;866.75;14725.27;17146.33;12304.21
2024-07-03;8259.61;15696.92;822.31;9910.42;9430.69;10390.15
2024-07-04;10351.74;19915.35;788.12;24354.32;27259.71;21448.94
2024-07-05;12643.24;24124.75;1161.73;20150.01;22598.6;17701.42
2024-07-06;11638.51;;11638.51;22653.57;;22653.57
2024-07-07;12740.7;;12740.7;12806.06;;12806.06
2024-07-08;15537.73;29892.33;1183.12;4625.99;3608.02;5643.96
2024-07-09;16799.7;32393.21;1206.19;10211.23;8656.92;11765.54
2024-07-10;10718.46;20483.98;952.94;9345.85;7222.27;11469.44
2024-07-11;13119.24;25422.9;815.58;4171.49;4525.9;3817.08
2024-07-12;8731.22;16594.23;868.21;12369.83;14061.23;10678.44
2024-07-13;11019.35;;11019.35;15531.41;;15531.41
2024-07-14;14051.3;;14051.3;10155.84;;10155.84
2024-07-15;16312.15;31429.0;1195.29;7025.9;4136.96;9914.83
2024-07-16;11499.82;22316.54;683.1;17135.4;17921.25;16349.54
2024-07-17;11221.38;21568.98;873.77;14434.78;15426.23;13443.33
2024-07-18;15664.86;30172.44;1157.29;2216.59;1299.25;3133.94
2024-07-19;15377.25;29598.31;1156.19;2770.36;1443.94;4096.79
2024-07-20;15330.38;;15330.38;6748.83;;6748.83
2024-07-21;12929.08;;12929.08;6913.97;;6913.97
2024-07-22;11611.09;22599.6;622.58;10789.62;13391.85;8187.4
2024-07-23;11151.33;21489.75;812.92;9476.97;9996.48;8957.46
2024-07-24;12285.23;23852.25;718.21;10047.35;11171.96;8922.75
2024-07-25;14986.06;28953.29;1018.83;3973.67;3886.15;4061.19
2024-07-26;9575.05;18443.85;706.25;7454.48;7724.92;7184.04
2024-07-27;9205.76;;9205.76;1524.8;;1524.8
2024-07-28;13146.55;;13146.55;8767.76;;8767.76
2024-07-29;16998.69;33002.19;995.19;4355.44;2592.27;6118.6
2024-07-30;16501.69;32043.19;960.19;2233.62;722.77;3744.48
2024-07-31;13695.44;26502.19;888.69;2643.25;2235.73;3050.77
2024-08-01;11085.17;21385.21;785.12;4017.59;2929.6;5105.58
2024-08-02;10148.44;19872.6;424.27;3197.21;2423.81;3970.6
2024-08-03;12642.6;;12642.6;2990.42;;2990.42
2024-08-04;10098.09;;10098.09;10101.21;;10101.21
2024-08-05;13140.01;25739.1;540.92;2866.29;1680.12;4052.46
2024-08-06;15958.56;31115.4;801.73;2992.61;1492.77;4492.46
2024-08-07;11266.85;21794.56;739.15;5350.46;4758.35;5942.56
2024-08-08;10711.58;20968.33;454.83;5006.94;5338.75;4675.12
2024-08-09;10465.48;20322.21;608.75;21137.24;25300.77;16973.71
2024-08-10;14059.76;;14059.76;11884.36;;11884.36
2024-08-11;14788.32;;14788.32;5109.52;;5109.52
2024-08-12;15215.48;29738.27;692.69;6280.58;4008.52;8552.65
2024-08-13;14265.15;27905.65;624.65;11452.53;7095.1;15809.96
2024-08-14;11772.01;23001.58;542.44;6093.31;3896.67;8289.96
2024-08-15;12887.68;25302.0;473.35;5236.86;5221.56;5252.17
2024-08-16;12215.25;23893.9;536.6;7819.26;8875.52;6763.0
2024-08-17;10130.59;;10130.59;2112.36;;2112.36
2024-08-18;6026.17;;6026.17;4216.19;;4216.19
2024-08-19;10157.08;20003.23;310.94;4131.23;1563.83;6698.62
2024-08-20;11069.94;21719.15;420.73;9489.28;8187.79;10790.77
2024-08-21;11400.99;22460.79;341.19;21323.95;23795.33;18852.56
2024-08-22;12764.94;25166.58;363.29;17309.91;17298.38;17321.44
2024-08-23;12232.24;24062.12;402.35;25878.7;28731.46;23025.94
2024-08-24;13777.32;;13777.32;15837.49;;15837.49
2024-08-25;9231.77;;9231.77;18004.3;;18004.3
2024-08-26;11625.46;22885.27;365.65;8552.17;7876.56;9227.77
2024-08-27;14134.14;27858.9;409.38;5792.66;4959.15;6626.17
2024-08-28;14371.58;28336.15;407.02;9545.43;6251.94;12838.92
2024-08-29;13492.88;26600.27;385.48;6951.81;4540.75;9362.88
2024-08-30;10595.57;20876.1;315.04;5675.23;5495.44;5855.02
2024-08-31;12727.16;;12727.16;9928.59;;9928.59
2024-09-01;13240.07;;13240.07;13977.44;;13977.44
2024-09-02;11058.88;21839.4;278.35;9928.49;7016.94;12840.04
2024-09-03;11589.55;22908.46;270.65;3630.76;2230.79;5030.73
2024-09-04;9336.34;18411.35;261.33;5382.18;4983.92;5780.44
2024-09-05;11909.92;23552.31;267.52;20382.86;20978.81;19786.92
2024-09-06;9980.05;19753.88;206.23;18545.23;14737.0;22353.46
2024-09-07;12852.23;;12852.23;6870.4;;6870.4
2024-09-08;8836.85;;8836.85;7689.92;;7689.92
2024-09-09;5443.23;10824.9;61.56;12445.39;12313.04;12577.73
2024-09-10;7355.9;14580.5;131.29;25531.57;26641.23;24421.92
2024-09-11;5645.16;11171.23;119.08;19616.99;17160.44;22073.54
2024-09-12;8344.59;16557.58;131.6;6673.69;3954.62;9392.75
2024-09-13;6262.85;12424.31;101.4;14690.61;16204.08;13177.15
2024-09-14;7489.95;;7489.95;18252.08;;18252.08
2024-09-15;9291.2;;9291.2;10526.61;;10526.61
2024-09-16;3607.84;7176.9;38.79;12463.91;13354.9;11572.92
2024-09-17;7786.85;15504.08;69.62;14613.39;13126.21;16100.56
2024-09-18;10510.77;20908.88;112.67;14252.72;12507.92;15997.52
2024-09-19;10467.98;20813.02;122.94;16646.4;15403.88;17888.92
2024-09-20;12078.83;24002.25;155.42;18018.42;15074.5;20962.33
2024-09-21;12278.6;;12278.6;9234.82;;9234.82
2024-09-22;10680.76;;10680.76;3109.47;;3109.47
2024-09-23;7740.67;15386.23;95.1;2744.14;2272.15;3216.12
2024-09-24;5817.89;11593.31;42.46;13720.5;13669.79;13771.21
2024-09-25;5888.54;11691.79;85.29;21258.65;19492.88;23024.42
2024-09-26;2718.3;5417.12;19.48;30315.47;33057.31;27573.62
2024-09-27;6426.47;12764.98;87.96;39443.41;39726.46;39160.35
2024-09-28;7351.35;;7351.35;24219.27;;24219.27
2024-09-29;9592.44;;9592.44;9531.59;;9531.59
2024-09-30;6374.67;12690.58;58.75;26641.09;25080.98;28201.21
2024-10-01;4458.8;8872.79;44.81;21859.62;19534.5;24184.75
2024-10-02;4017.36;8005.29;29.44;14946.76;15105.42;14788.1
2024-10-03;4174.01;8319.83;28.19;14732.74;14626.1;14839.38
2024-10-04;4926.47;9830.27;22.67;7676.06;6512.58;8839.54
2024-10-05;5827.77;;5827.77;3650.84;;3650.84
2024-10-06;6996.88;;6996.88;13469.67;;13469.67
2024-10-07;5306.34;10575.33;37.35;15610.14;12739.62;18480.65
2024-10-08;4447.23;8865.69;28.77;15098.17;14238.46;15957.88
2024-10-09;5704.98;11377.67;32.29;19534.57;20339.21;18729.94
2024-10-10;3553.38;7084.0;22.75;29396.88;32593.94;26199.81
2024-10-11;6620.02;13213.46;26.58;14749.59;13073.1;16426.08
2024-10-12;6569.43;;6569.43;18973.65;;18973.65
2024-10-13;5080.61;;5080.61;35082.93;;35082.93
2024-10-14;4063.34;8100.12;26.56;9441.6;5012.44;13870.77
2024-10-15;5879.8;11740.56;19.04;10284.79;8825.94;11743.65
2024-10-16;6956.33;13878.5;34.17;28770.77;25976.06;31565.48
2024-10-17;6301.96;12579.15;24.77;18335.0;13967.75;22702.25
2024-10-18;4741.61;9467.54;15.69;5142.55;3613.9;6671.21
2024-10-19;3756.66;;3756.66;9818.54;;9818.54
2024-10-20;4728.4;;4728.4;17734.78;;17734.78
2024-10-21;4511.72;9005.65;17.79;17466.2;14123.54;20808.85
2024-10-22;4261.67;8510.08;13.25;15497.15;16530.08;14464.21
2024-10-23;5154.62;10297.08;12.17;6620.23;4372.12;8868.33
2024-10-24;4614.03;9217.56;10.5;11150.71;10231.33;12070.08
2024-10-25;5786.97;11562.58;11.35;7395.81;4883.17;9908.46
2024-10-26;5277.03;;5277.03;6338.39;;6338.39
2024-10-27;3400.21;;3400.21;10824.89;;10824.89
2024-10-28;3724.74;7369.77;79.71;15845.57;18352.15;13339.0
2024-10-29;3607.49;7140.1;74.88;7208.6;6501.5;7915.71
2024-10-30;2654.15;5258.23;50.06;6827.29;6920.96;6733.62
2024-10-31;1920.31;3790.67;49.96;14379.92;15872.62;12887.21
2024-11-01;2666.23;5277.62;54.83;20902.73;20778.5;21026.96
2024-11-02;2987.28;;2987.28;5996.6;;5996.6
2024-11-03;5431.18;;5431.18;6466.39;;6466.39
2024-11-04;3609.1;7182.0;36.21;4626.4;3380.25;5872.54
2024-11-05;3142.55;6242.0;43.1;4477.19;2955.29;5999.08
2024-11-06;1527.88;3030.46;25.29;310.47;99.33;521.6
2024-11-07;944.61;1876.88;12.35;1879.51;1658.96;2100.06
2024-11-08;922.95;1831.73;14.17;11344.03;13728.65;8959.42
2024-11-09;2036.72;;2036.72;4671.44;;4671.44
2024-11-10;1399.03;;1399.03;2539.14;;2539.14
2024-11-11;1166.46;2317.06;15.85;10906.64;12413.94;9399.33
2024-11-12;1284.61;2557.25;11.98;6020.74;5359.58;6681.9
2024-11-13;911.99;1809.81;14.17;7167.97;7044.96;7290.98
2024-11-14;1324.6;2628.6;20.6;16520.38;16645.94;16394.81
2024-11-15;1469.01;2913.92;24.1;11939.83;11757.9;12121.77
2024-11-16;2037.32;;2037.32;24784.9;;24784.9
2024-11-17;1729.78;;1729.78;33450.24;;33450.24
2024-11-18;2228.36;4430.52;26.21;28922.8;28270.31;29575.29
2024-11-19;934.51;1858.79;10.23;23124.82;26623.98;19625.67
2024-11-20;2039.82;4067.15;12.5;23978.02;25821.27;22134.77
2024-11-21;1832.39;3650.42;14.35;21784.69;22977.48;20591.9
2024-11-22;1607.19;3200.33;14.04;31138.84;36787.71;25489.98
2024-11-23;2364.07;;2364.07;31629.28;;31629.28
2024-11-24;2226.01;;2226.01;41254.31;;41254.31
2024-11-25;2612.46;5201.42;23.5;34874.33;35427.98;34320.69
2024-11-26;2375.15;4728.46;21.83;22651.34;21490.83;23811.85
2024-11-27;2555.7;5092.67;18.73;26283.6;27595.08;24972.12
2024-11-28;1452.99;2887.85;18.12;34234.71;34165.56;34303.85
2024-11-29;2611.11;5208.21;14.02;9330.5;7473.31;11187.69
2024-11-30;4565.29;;4565.29;19026.68;;19026.68
2024-12-01;3114.35;;3114.35;16578.82;;16578.82
2024-12-02;1225.96;2444.42;7.5;23165.15;22171.42;24158.88
2024-12-03;1542.94;3079.04;6.83;16862.1;16017.38;17706.83
2024-12-04;1511.88;3016.46;7.29;7344.32;6373.9;8314.75
2024-12-05;2514.84;5021.67;8.02;26533.38;31064.44;22002.31
2024-12-06;1068.92;2130.06;7.77;32467.93;31152.44;33783.42
2024-12-07;784.8;;784.8;27731.22;;27731.22
2024-12-08;1400.06;;1400.06;17732.54;;17732.54
2024-12-09;517.53;1027.65;7.42;30933.79;31877.31;29990.27
2024-12-10;542.45;1078.17;6.73;17468.66;15227.6;19709.71
2024-12-11;544.23;1081.15;7.31;2451.57;2198.56;2704.58
2024-12-12;647.0;1287.65;6.35;1452.88;876.38;2029.38
2024-12-13;1111.12;2215.17;7.08;6105.06;6178.31;6031.81
2024-12-14;840.75;;840.75;21691.24;;21691.24
2024-12-15;1008.99;;1008.99;37697.16;;37697.16
2024-12-16;1057.27;2106.9;7.65;43252.55;43325.1;43180.0
2024-12-17;1133.84;2260.1;7.58;26848.18;24058.6;29637.75
2024-12-18;1371.51;2736.02;7.0;38731.51;43768.19;33694.83
2024-12-19;827.76;1648.31;7.21;42393.3;43529.6;41257.0
2024-12-20;1669.88;3331.12;8.62;35931.67;33770.62;38092.71
2024-12-21;1263.07;;1263.07;42208.2;;42208.2
2024-12-22;907.56;;907.56;33889.56;;33889.56
2024-12-23;1318.4;2630.42;6.38;31821.84;34475.46;29168.23
2024-12-24;1412.17;2817.62;6.71;12751.74;11422.83;14080.65
2024-12-25;2045.24;4083.52;6.96;8786.06;7508.81;10063.31
2024-12-26;2193.19;4379.5;6.88;4331.59;3668.94;4994.25
2024-12-27;2562.46;5118.0;6.92;2077.74;1363.77;2791.71
2024-12-28;2558.02;;2558.02;2247.64;;2247.64
2024-12-29;1656.9;;1656.9;14781.02;;14781.02
2024-12-30;958.75;1911.17;6.33;24813.92;25338.27;24289.56
2024-12-31;2047.64;4088.69;6.58;24934.59;24994.42;24874.77
2025-01-01;2368.84;4727.5;10.19;40591.97;42399.85;38784.08
2025-01-02;1229.42;2451.88;6.96;26606.22;20226.79;32985.65
2025-01-03;1276.29;2543.29;9.29;32364.84;35565.33;29164.35
2025-01-04;1153.45;;1153.45;13187.5;;13187.5
2025-01-05;380.29;;380.29;25217.74;;25217.74
2025-01-06;1684.07;3359.75;8.4;43736.27;46749.44;40723.1
2025-01-07;1972.74;3935.5;9.98;40249.58;39692.08;40807.08
2025-01-08;1369.2;2730.15;8.25;27716.74;26303.33;29130.15
2025-01-09;1256.35;2505.98;6.73;18030.4;16982.85;19077.94
2025-01-10;1684.72;3361.44;8.0;25685.34;23886.04;27484.65
2025-01-11;2173.99;;2173.99;23525.94;;23525.94
2025-01-12;2712.72;;2712.72;11665.82;;11665.82
2025-01-13;3510.14;7011.06;9.21;11918.62;13556.1;10281.15
2025-01-14;2895.7;5782.65;8.75;24071.11;24955.52;23186.71
2025-01-15;956.11;1903.56;8.67;7583.53;3678.79;11488.27
2025-01-16;1907.33;3808.46;6.21;8751.8;10208.42;7295.19
2025-01-17;1420.54;2834.04;7.04;6380.07;6002.4;6757.75
2025-01-18;2953.83;;2953.83;3432.51;;3432.51
2025-01-19;4482.94;;4482.94;5658.29;;5658.29
2025-01-20;3186.64;6363.92;9.35;4999.79;3484.4;6515.19
2025-01-21;3022.89;6039.25;6.52;7039.97;6651.6;7428.33
2025-01-22;2739.15;5469.98;8.31;13526.45;14897.21;12155.69
2025-01-23;1401.58;2795.33;7.83;31183.1;34448.23;27917.98
2025-01-24;2612.99;5216.33;9.65;37841.35;40675.25;35007.46
2025-01-25;2252.48;;2252.48;23777.73;;23777.73
2025-01-26;2257.28;;2257.28;17238.89;;17238.89
2025-01-27;1923.29;3837.65;8.94;38320.92;38538.83;38103.0
2025-01-28;1864.66;3721.0;8.31;25637.83;21487.62;29788.04
2025-01-29;2767.5;5526.48;8.52;31326.03;33850.73;28801.33
2025-01-30;2912.9;5815.4;10.4;15501.0;11127.83;19874.17
2025-01-31;3727.83;7443.52;12.15;15280.99;13762.44;16799.54
2025-02-01;5205.54;;5205.54;4588.65;;4588.65
2025-02-02;5298.42;;5298.42;2681.77;;2681.77
2025-02-03;4571.21;9130.1;12.31;3627.78;3005.88;4249.69
2025-02-04;3954.58;7898.17;11.0;11777.33;11671.38;11883.29
2025-02-05;2974.43;5939.48;9.38;13059.17;10458.96;15659.38
2025-02-06;1698.09;3388.17;8.02;9006.34;8129.31;9883.38
2025-02-07;3041.65;6072.67;10.62;33476.8;34932.1;32021.5
2025-02-08;6453.21;;6453.21;21385.82;;21385.82
2025-02-09;5103.23;;5103.23;13008.5;;13008.5
2025-02-10;3551.76;7086.44;17.08;25825.73;26100.35;25551.1
2025-02-11;2970.05;5900.9;39.21;26253.8;23243.48;29264.12
2025-02-12;2624.69;5227.73;21.65;17070.08;16099.79;18040.38
2025-02-13;1196.54;2381.9;11.19;8700.01;9163.04;8236.98
2025-02-14;1166.21;2322.4;10.02;4260.05;2438.65;6081.46
2025-02-15;2529.5;;2529.5;2084.07;;2084.07
2025-02-16;4066.92;;4066.92;10090.76;;10090.76
2025-02-17;7807.0;15566.6;47.4;4905.76;3360.81;6450.71
2025-02-18;8857.45;17664.31;50.58;11205.09;9862.9;12547.29
2025-02-19;8871.56;17669.02;74.1;25012.45;23763.71;26261.19
2025-02-20;5475.78;10889.65;61.92;23227.89;19836.96;26618.81
2025-02-21;6671.08;13294.44;47.73;22566.62;19697.71;25435.54
2025-02-22;5891.65;;5891.65;24768.64;;24768.64
2025-02-23;5763.01;;5763.01;15371.54;;15371.54
2025-02-24;4850.47;9618.27;82.67;29933.25;31645.92;28220.58
2025-02-25;4699.24;9350.04;48.44;7733.68;4582.65;10884.71
2025-02-26;2779.31;5520.98;37.65;8331.15;7433.23;9229.06
2025-02-27;4655.99;9230.65;81.33;10010.24;7032.0;12988.48
2025-02-28;3646.38;7230.38;62.38;6738.28;6524.73;6951.83
2025-03-01;4756.45;;4756.45;5631.03;;5631.03
2025-03-02;9802.14;;9802.14;11090.12;;11090.12
2025-03-03;11447.23;22551.58;342.88;14471.91;13240.54;15703.27
2025-03-04;11074.43;21734.04;414.81;13683.98;12491.38;14876.58
2025-03-05;11552.5;22777.48;327.52;20444.84;18183.1;22706.58
2025-03-06;11812.28;23280.25;344.31;13261.55;8807.33;17715.77
2025-03-07;11599.91;22857.69;342.12;6619.82;3896.44;9343.21
2025-03-08;11576.89;;11576.89;8590.45;;8590.45
2025-03-09;11479.71;;11479.71;8389.33;;8389.33
2025-03-10;8189.1;16048.77;329.44;4261.41;4198.42;4324.4
2025-03-11;6540.02;12849.69;230.35;4822.83;3893.92;5751.75
2025-03-12;3820.05;7485.54;154.56;4243.94;3442.83;5045.04
2025-03-13;4772.62;9363.12;182.12;5229.19;5446.29;5012.08
2025-03-14;4933.86;9706.42;161.31;6060.94;5585.35;6536.52
2025-03-15;6653.7;;6653.7;12858.52;;12858.52
2025-03-16;9761.07;;9761.07;12299.84;;12299.84
2025-03-17;11219.18;21938.6;499.75;15053.8;11173.83;18933.77
2025-03-18;14235.95;27705.19;766.71;9340.19;6715.04;11965.33
2025-03-19;14000.09;27196.48;803.71;4891.3;2091.9;7690.71
2025-03-20;13098.78;25475.1;722.46;5021.16;2817.17;7225.15
2025-03-21;12364.27;23953.56;774.98;17439.56;18506.5;16372.62
2025-03-22;10895.96;;10895.96;28670.01;;28670.01
2025-03-23;7690.42;;7690.42;16174.1;;16174.1
2025-03-24;7464.57;14610.42;318.73;2560.1;2127.25;2992.96
2025-03-25;8287.35;16171.83;402.88;10505.33;11240.98;9769.69
2025-03-26;4650.08;9023.15;277.02;11367.09;10444.88;12289.31
2025-03-27;10612.99;20691.85;534.12;8501.94;7601.06;9402.81
2025-03-28;13964.27;26949.73;978.81;9407.9;6817.88;11997.92
2025-03-29;8387.51;;8387.51;11768.52;;11768.52
2025-03-30;6775.25;;6775.25;31482.62;;31482.62
2025-03-31;6553.92;13040.12;67.71;17835.46;14672.79;20998.12
2025-04-01;11311.42;22471.73;151.1;12991.53;12792.08;13190.98
2025-04-02;13537.31;26875.44;199.19;21620.36;17995.25;25245.48
2025-04-03;15453.95;30641.29;266.6;13223.84;7267.25;19180.44
2025-04-04;15539.47;30790.52;288.42;6093.36;3794.44;8392.29
2025-04-05;13674.29;;13674.29;15885.71;;15885.71
2025-04-06;14884.79;;14884.79;11488.1;;11488.1
2025-04-07;14925.58;29533.38;317.79;7544.98;6316.54;8773.42
2025-04-08;14608.36;28894.79;321.94;2706.36;1417.0;3995.73
2025-04-09;12203.17;24133.85;272.48;9630.36;9782.94;9477.79
2025-04-10;12311.06;24402.65;219.48;11876.47;8343.04;15409.9
2025-04-11;13509.74;26694.79;324.69;18999.91;17463.19;20536.62
2025-04-12;15371.62;;15371.62;7589.59;;7589.59
2025-04-13;8418.21;;8418.21;21979.34;;21979.34
2025-04-14;12725.65;25157.5;293.79;6766.3;3683.71;9848.9
2025-04-15;10889.62;21369.77;409.48;21323.9;20459.25;22188.54
2025-04-16;11330.8;22204.15;457.46;9375.09;6680.0;12070.19
2025-04-17;6800.0;13352.65;247.35;16001.08;14956.81;17045.35
2025-04-18;3812.49;7500.71;124.27;10005.45;8849.12;11161.77
2025-04-19;11502.59;;11502.59;4633.41;;4633.41
2025-04-20;13192.62;;13192.62;5139.31;;5139.31
2025-04-21;10037.47;19729.71;345.23;2980.99;2570.19;3391.79
2025-04-22;10669.05;20873.25;464.85;3200.1;2763.65;3636.56
2025-04-23;11271.17;21981.46;560.88;4482.82;3849.54;5116.1
2025-04-24;6897.86;13474.77;320.96;9570.35;8019.58;11121.12
2025-04-25;8491.17;16710.85;271.48;5659.01;4135.75;7182.27
2025-04-26;14581.02;;14581.02;10044.88;;10044.88
2025-04-27;16022.0;;16022.0;8968.05;;8968.05
2025-04-28;17295.85;33718.4;873.31;2667.53;1730.6;3604.46
2025-04-29;16861.76;32868.02;855.5;4509.2;3000.42;6017.98
2025-04-30;16917.44;32959.29;875.58;2929.44;1708.9;4149.98
2025-05-01;16561.39;32184.15;938.62;3108.81;1350.75;4866.88
2025-05-02;14905.62;28913.54;897.71;10481.88;9489.9;11473.85
2025-05-03;10195.91;;10195.91;11438.98;;11438.98
2025-05-04;8941.97;;8941.97;18774.92;;18774.92
2025-05-05;10893.22;21100.48;685.96;12585.82;11366.06;13805.58
2025-05-06;14473.62;28031.35;915.9;11996.57;12033.96;11959.19
2025-05-07;13630.66;26315.02;946.29;8149.57;6848.75;9450.4
2025-05-08;12971.8;25123.19;820.42;7979.48;6904.79;9054.17
2025-05-09;17418.82;33675.9;1161.75;6093.41;5635.79;6551.02
2025-05-10;16765.97;;16765.97;5026.64;;5026.64
2025-05-11;17043.93;;17043.93;10366.25;;10366.25
2025-05-12;18335.6;35416.48;1254.73;15664.82;11040.9;20288.75
2025-05-13;18386.66;35495.88;1277.44;7628.42;4091.5;11165.33
2025-05-14;17312.67;33370.4;1254.94;11887.96;12062.29;11713.62
2025-05-15;15387.4;29621.75;1153.04;16751.93;16990.83;16513.02
2025-05-16;14301.06;27439.31;1162.81;13713.14;14300.56;13125.71
2025-05-17;12477.36;;12477.36;13696.12;;13696.12
2025-05-18;12391.6;;12391.6;10490.31;;10490.31
2025-05-19;14812.07;28494.75;1129.4;5508.15;4557.42;6458.88
2025-05-20;16304.8;31245.42;1364.19;6163.78;5583.12;6744.44
2025-05-21;13664.51;26205.58;1123.44;19301.98;20256.17;18347.79
2025-05-22;10986.57;21105.54;867.6;24179.23;26150.71;22207.75
2025-05-23;13917.75;26498.1;1337.4;17688.18;18160.4;17215.96
2025-05-24;13933.35;;13933.35;16285.99;;16285.99
2025-05-25;6858.98;;6858.98;23269.76;;23269.76
2025-05-26;13656.74;26213.56;1099.92;15703.44;16499.17;14907.71
2025-05-27;10602.94;20068.96;1136.92;22995.81;25051.71;20939.92
2025-05-28;7838.46;15157.79;519.12;23889.14;23299.96;24478.31
2025-05-29;12467.71;23709.1;1226.31;13364.3;11655.0;15073.6
2025-05-30;15079.73;29040.81;1118.65;19008.6;17949.52;20067.69
2025-05-31;15650.59;;15650.59;3297.49;;3297.49
2025-06-01;11848.58;;11848.58;12782.85;;12782.85
2025-06-02;11353.9;21533.08;1174.71;9377.98;9848.52;8907.44
2025-06-03;15285.22;29240.17;1330.27;10493.81;12782.12;8205.5
2025-06-04;10490.45;19788.06;1192.83;15982.82;15819.71;16145.94
2025-06-05;10586.03;20087.1;1084.96;16847.16;19962.12;13732.19
2025-06-06;11565.82;22295.79;835.85;29244.03;30692.06;27796.0
2025-06-07;9422.49;;9422.49;14424.71;;14424.71
2025-06-08;10145.64;;10145.64;23589.38;;23589.38
2025-06-09;15089.33;28687.21;1491.46;13856.9;9865.17;17848.62
2025-06-10;11182.82;21078.48;1287.17;24474.93;27863.12;21086.73
2025-06-11;17316.31;33142.08;1490.54;12204.73;7865.02;16544.44
2025-06-12;19111.94;36387.98;1835.9;13274.61;10102.08;16447.15
2025-06-13;19227.81;36660.67;1794.96;18967.1;12537.83;25396.38
2025-06-14;17558.41;;17558.41;14879.39;;14879.39
2025-06-15;11336.52;;11336.52;9804.99;;9804.99
2025-06-16;14038.38;26834.65;1242.1;12240.1;11801.1;12679.1
2025-06-17;18340.15;34894.92;1785.38;5158.2;5246.23;5070.17
2025-06-18;17675.22;33597.08;1753.35;6964.2;7394.94;6533.46
2025-06-19;17709.1;33667.5;1750.71;12031.43;11683.17;12379.69
2025-06-20;20024.22;38205.54;1842.9;4623.32;1936.0;7310.65
2025-06-21;18555.09;;18555.09;3251.3;;3251.3
2025-06-22;16920.92;;16920.92;9595.54;;9595.54
2025-06-23;12625.3;23914.12;1336.48;28034.7;31812.19;24257.21
2025-06-24;14138.22;26770.04;1506.4;27874.92;28263.65;27486.19
2025-06-25;16227.5;30986.94;1468.06;17336.49;16477.08;18195.9
2025-06-26;12397.28;23471.73;1322.83;15804.43;17218.62;14390.23
2025-06-27;10176.35;19138.27;1214.44;20296.1;19387.6;21204.6
2025-06-28;15791.65;;15791.65;17204.03;;17204.03
2025-06-29;16536.83;;16536.83;13577.32;;13577.32
2025-06-30;19019.55;36342.29;1696.81;5559.78;2229.31;8890.25
2025-07-01;18229.33;34812.2;1646.45;5936.5;1333.91;10539.09
2025-07-02;17235.26;32931.56;1538.96;9506.95;4737.67;14276.22
2025-07-03;13483.7;25861.67;1105.72;16045.69;15241.64;16849.73
2025-07-04;17208.75;33002.04;1415.45;7672.87;8417.71;6928.03
2025-07-05;15026.15;;15026.15;16734.1;;16734.1
2025-07-06;10179.97;;10179.97;12861.68;;12861.68
2025-07-07;10172.62;19601.14;744.11;11523.68;12508.57;10538.78
2025-07-08;11428.54;21860.3;996.79;16131.7;16219.48;16043.91
2025-07-09;11720.08;22356.28;1083.88;11657.13;12441.41;10872.84
2025-07-10;14964.52;28632.69;1296.34;5447.34;5776.62;5118.05
2025-07-11;13515.91;25878.78;1153.04;10303.33;11862.82;8743.84
2025-07-12;10457.72;;10457.72;10411.83;;10411.83
2025-07-13;13390.92;;13390.92;4578.48;;4578.48
2025-07-14;11849.58;22485.63;1213.53;5166.3;6512.62;3819.98
2025-07-15;11416.5;21841.96;991.05;10212.71;12459.95;7965.48
2025-07-16;10844.82;20735.92;953.72;10032.98;10025.42;10040.54
2025-07-17;10791.37;20694.37;888.37;13683.22;15988.45;11377.98
2025-07-18;13853.84;26763.73;943.94;1628.6;804.79;2452.41
2025-07-19;16552.21;;16552.21;5989.94;;5989.94
2025-07-20;14507.55;;14507.55;8312.7;;8312.7
2025-07-21;6853.36;13200.38;506.33;8346.66;7309.97;9383.35
2025-07-22;10751.76;20761.43;742.1;16042.39;16849.99;15234.79
2025-07-23;12011.32;23242.95;779.69;22301.73;23356.12;21247.34
2025-07-24;10087.94;19499.36;676.53;4007.06;3243.46;4770.66
2025-07-25;10734.5;20765.28;703.72;5369.44;6159.48;4579.39
2025-07-26;10269.94;;10269.94;2832.76;;2832.76
2025-07-27;10163.19;;10163.19;4648.05;;4648.05
2025-07-28;9759.48;18974.78;544.18;13425.6;14945.21;11906.0
2025-07-29;12487.6;24241.32;733.87;16883.4;16747.8;17019.0
2025-07-30;10460.61;20229.1;692.12;17604.81;18729.03;16480.59
2025-07-31;9533.25;18458.53;607.98;17814.78;18796.54;16833.02
2025-08-01;11008.39;21447.6;569.17;8922.52;9549.3;8295.75
2025-08-02;10550.35;;10550.35;11937.13;;11937.13
2025-08-03;8942.51;;8942.51;16650.91;;16650.91
2025-08-04;10043.88;19693.81;393.96;18883.72;15213.53;22553.91
2025-08-05;10470.94;20394.11;547.78;24579.31;22574.78;26583.85
2025-08-06;14919.28;28914.86;923.69;15415.69;13096.6;17734.79
2025-08-07;15938.35;31098.66;778.04;6778.15;7370.68;6185.61
2025-08-08;14563.61;28385.92;741.29;7987.2;8803.01;7171.39
2025-08-09;15312.14;;15312.14;5300.74;;5300.74
2025-08-10;15901.82;;15901.82;9392.68;;9392.68
2025-08-11;17686.31;34564.45;808.17;3317.61;1748.9;4886.32
2025-08-12;15664.6;30570.99;758.22;6661.68;4464.15;8859.21
2025-08-13;16031.1;31374.64;687.55;6277.05;2798.39;9755.72
2025-08-14;15113.75;29550.28;677.22;4102.38;2848.69;5356.08
2025-08-15;15089.85;29570.69;609.02;8612.82;8485.44;8740.2
2025-08-16;11165.24;;11165.24;15340.61;;15340.61
2025-08-17;13255.43;;13255.43;6917.19;;6917.19
2025-08-18;17195.47;33734.15;656.8;2488.7;1716.82;3260.58
2025-08-19;16846.55;33056.7;636.41;4696.71;4135.26;5258.16
2025-08-20;12706.84;24897.5;516.17;7703.06;6964.38;8441.75
2025-08-21;11898.11;23362.35;433.87;12063.52;12947.3;11179.74
2025-08-22;10559.49;20716.91;402.06;16617.22;18116.84;15117.59
2025-08-23;10185.57;;10185.57;15801.22;;15801.22
2025-08-24;12343.91;;12343.91;8523.45;;8523.45
2025-08-25;14136.45;27786.72;486.17;5997.49;6069.7;5925.28
2025-08-26;15081.5;29669.91;493.09;4746.41;3311.83;6181.0
2025-08-27;11790.95;23302.49;279.41;9460.94;7814.95;11106.92
2025-08-28;5946.83;11667.96;225.7;4929.69;4602.6;5256.79
2025-08-29;10999.63;21808.13;191.13;8266.02;7506.72;9025.32
2025-08-30;11365.44;;11365.44;9927.21;;9927.21
2025-08-31;12823.51;;12823.51;10968.98;;10968.98
2025-09-01;8579.92;16809.04;350.8;9554.87;7005.07;12104.67
2025-09-02;9417.02;18675.44;158.6;7931.58;7911.58;7951.58
2025-09-03;11382.79;22433.71;331.86;24179.06;24488.78;23869.34
2025-09-04;11376.73;22440.2;313.26;16450.04;11973.12;20926.96
2025-09-05;8599.84;17030.77;168.9;9539.26;9892.67;9185.85
2025-09-06;14627.91;;14627.91;3497.6;;3497.6
2025-09-07;13522.69;;13522.69;15801.17;;15801.17
2025-09-08;10036.74;19761.97;311.51;9602.24;5142.35;14062.13
2025-09-09;6814.76;13410.18;219.34;4338.11;4704.17;3972.04
2025-09-10;6793.12;13433.53;152.72;4018.91;2607.49;5430.33
2025-09-11;9073.79;17967.57;180.01;23243.2;25124.63;21361.76
2025-09-12;9844.36;19477.0;211.72;24479.04;23750.21;25207.86
2025-09-13;10217.39;;10217.39;19735.05;;19735.05
2025-09-14;9913.33;;9913.33;12464.36;;12464.36
2025-09-15;9418.8;18730.54;107.07;36892.94;35898.38;37887.5
2025-09-16;8034.79;15932.74;136.84;39373.76;38151.14;40596.38
2025-09-17;8378.89;16594.43;163.36;27123.88;24558.98;29688.78
2025-09-18;10307.43;20497.83;117.02;27350.76;25403.89;29297.63
2025-09-19;13019.32;25870.6;168.03;14985.11;10210.7;19759.52
2025-09-20;12110.89;;12110.89;19099.39;;19099.39
2025-09-21;7063.58;;7063.58;23641.54;;23641.54
2025-09-22;5113.22;10165.41;61.03;17247.36;18036.0;16458.72
2025-09-23;8109.53;16115.8;103.26;12095.99;10067.03;14124.94
2025-09-24;6683.79;13284.67;82.9;27375.86;27349.87;27401.86
2025-09-25;4718.5;9377.16;59.83;30217.05;28719.17;31714.92
2025-09-26;5210.61;10375.47;45.74;21232.54;20671.86;21793.23
2025-09-27;6195.15;;6195.15;10132.95;;10132.95
2025-09-28;9083.87;;9083.87;4710.8;;4710.8
2025-09-29;8803.59;17535.17;72.0;4830.15;3798.31;5862.0
2025-09-30;7158.08;14262.52;53.64;6111.63;4771.02;7452.25
2025-10-01;9496.3;18921.8;70.8;6989.19;5018.96;8959.43
2025-10-02;11268.0;22463.43;72.58;9206.84;6450.14;11963.53
2025-10-03;9633.2;19181.38;85.03;21402.5;19215.9;23589.09
2025-10-04;3577.19;;3577.19;39359.68;;39359.68
2025-10-05;4915.2;;4915.2;38833.75;;38833.75
2025-10-06;2916.69;5802.08;31.29;28129.48;25807.93;30451.04
2025-10-07;3212.38;6399.19;25.57;6718.56;6364.44;7072.69
2025-10-08;4797.69;9570.59;24.79;5707.55;4756.03;6659.06
2025-10-09;4485.16;8951.22;19.09;11529.63;12106.61;10952.66
2025-10-10;3539.91;7060.0;19.81;20419.88;19178.6;21661.17
2025-10-11;4226.46;;4226.46;14790.53;;14790.53
2025-10-12;3831.42;;3831.42;11314.94;;11314.94
2025-10-13;5115.26;10207.83;22.68;2647.57;1867.56;3427.57
2025-10-14;5462.09;10905.0;19.18;6445.59;6565.86;6325.33
2025-10-15;4339.03;8659.04;19.03;5085.84;5282.41;4889.27
2025-10-16;4145.46;8273.95;16.97;12923.75;12576.96;13270.54
2025-10-17;3917.76;7820.35;15.16;13541.43;13379.64;13703.21
2025-10-18;8626.59;;8626.59;8078.38;;8078.38
2025-10-19;6845.2;;6845.2;21483.56;;21483.56
2025-10-20;4129.64;8238.55;20.74;29203.52;26906.09;31500.95
2025-10-21;4921.21;9825.53;16.9;33673.01;33548.92;33797.1
2025-10-22;3397.21;6775.36;19.07;14084.99;10962.1;17207.88
2025-10-23;2585.24;5154.34;16.15;35265.65;39760.85;30770.45
2025-10-24;4231.98;8444.06;19.89;45801.46;47333.57;44269.36
2025-10-25;3029.74;;3029.74;42617.14;;42617.14
2025-10-26;3606.17;;3606.17;44549.34;;44549.34
2025-10-27;2840.42;5637.71;43.14;40673.88;39130.6;42217.17
2025-10-28;2656.49;5223.71;89.27;42169.74;43122.92;41216.56
2025-10-29;5548.59;10937.56;159.61;28543.46;24981.59;32105.33
2025-10-30;5740.65;11429.46;51.85;32657.77;35022.13;30293.41
2025-10-31;5362.05;10562.25;161.84;18076.71;16576.78;19576.65
2025-11-01;3438.24;;3438.24;27588.99;;27588.99
2025-11-02;2187.32;;2187.32;16463.2;;16463.2
2025-11-03;4794.92;9522.85;66.99;26744.64;28242.66;25246.62
2025-11-04;5874.22;11642.42;106.02;24635.27;22005.91;27264.64
2025-11-05;6670.53;13240.86;100.2;20114.68;15482.14;24747.22
2025-11-06;5762.47;11447.39;77.55;11755.4;8424.57;15086.24
2025-11-07;3798.88;7552.08;45.68;5151.39;2881.47;7421.31
2025-11-08;2355.08;;2355.08;1284.01;;1284.01
2025-11-09;1375.03;;1375.03;2439.29;;2439.29
2025-11-10;2848.04;5672.83;23.25;7632.93;7113.88;8151.98
2025-11-11;3404.68;6785.68;23.68;18203.6;15820.93;20586.28
2025-11-12;4475.13;8914.29;35.98;26138.87;25517.17;26760.57
2025-11-13;4422.58;8808.4;36.76;30043.0;30913.83;29172.16
2025-11-14;2312.31;4580.12;44.49;14574.87;15984.86;13164.88
2025-11-15;2119.31;;2119.31;22987.28;;22987.28
2025-11-16;2398.53;;2398.53;10084.96;;10084.96
2025-11-17;2082.86;4153.92;11.8;21267.46;21715.82;20819.1
2025-11-18;3383.48;6743.82;23.14;24067.6;22503.65;25631.55
2025-11-19;3001.59;5981.95;21.23;19009.94;18467.39;19552.49
2025-11-20;1958.08;3905.2;10.96;14230.33;13163.53;15297.12
2025-11-21;3875.99;7739.83;12.14;7170.69;5951.49;8389.89
2025-11-22;4825.67;;4825.67;18725.93;;18725.93
2025-11-23;4103.36;;4103.36;28465.4;;28465.4
2025-11-24;1076.58;2146.09;7.07;17549.59;15149.47;19949.7
2025-11-25;1343.16;2678.5;7.83;5521.19;5064.11;5978.26
2025-11-26;1324.88;2638.63;11.13;6462.01;5518.17;7405.86
2025-11-27;2159.38;4310.11;8.64;28556.89;32211.67;24902.1
2025-11-28;1827.69;3644.55;10.84;27675.16;25508.57;29841.74
2025-11-29;1644.04;;1644.04;20603.78;;20603.78
2025-11-30;1732.75;;1732.75;24510.69;;24510.69
2025-12-01;3529.11;7057.73;0.49;26524.6;25726.58;27322.63
2025-12-02;2526.13;5051.38;0.87;23411.83;20625.87;26197.8
2025-12-03;1463.72;2927.26;0.17;4791.23;3654.9;5927.55
2025-12-04;1478.51;2956.62;0.4;7741.91;8324.01;7159.81
2025-12-05;1092.17;2183.43;0.91;5055.23;2947.19;7163.27
2025-12-06;1332.32;;1332.32;29054.43;;29054.43
2025-12-07;1264.62;;1264.62;24527.15;;24527.15
2025-12-08;1764.81;3528.43;1.18;35499.85;33850.42;37149.27
2025-12-09;2694.83;5389.52;0.14;23842.8;21841.06;25844.54
2025-12-10;1776.39;3552.62;0.16;29305.81;25990.51;32621.12
2025-12-11;2182.92;4365.74;0.11;24921.72;24207.41;25636.04
2025-12-12;2027.12;4054.07;0.18;8044.65;6657.34;9431.96
2025-12-13;952.01;;952.01;12842.33;;12842.33
2025-12-14;1379.43;;1379.43;21698.2;;21698.2
2025-12-15;2885.76;5771.41;0.11;23594.98;21987.89;25202.07
2025-12-16;2485.66;4971.26;0.06;14250.4;11421.95;17078.85
2025-12-17;2216.95;4433.84;0.06;11520.5;10551.97;12489.02
2025-12-18;3249.88;6499.66;0.1;32943.9;32557.76;33330.03
2025-12-19;1336.38;2672.68;0.08;28688.95;25134.32;32243.57
2025-12-20;2030.08;;2030.08;7116.47;;7116.47
2025-12-21;2455.24;;2455.24;18841.19;;18841.19
2025-12-22;986.72;1973.37;0.07;27510.83;26588.6;28433.06
2025-12-23;662.6;1325.16;0.05;34808.21;36108.08;33508.33
2025-12-24;1516.24;3032.43;0.05;35192.21;35625.32;34759.1
