date;solar_baseload;solar_peakload;solar_offpeak;wind_baseload;wind_peakload;wind_offpeak
2023-01-01;2178.32;4356.65;0.0;29955.36;27228.75;32681.98
2023-01-02;1768.68;3537.35;0.0;25582.06;27340.98;23823.15
2023-01-03;1670.72;3341.44;0.0;17238.11;14327.98;20148.25
2023-01-04;531.64;1063.27;0.0;43362.08;46891.35;39832.81
2023-01-05;1079.48;2158.96;0.0;29386.25;26095.02;32677.48
2023-01-06;1203.74;2407.48;0.0;23697.72;27675.27;19720.17
2023-01-07;2072.21;4144.42;0.0;21410.53;21267.67;21553.4
2023-01-08;927.96;1855.92;0.0;23053.6;20859.48;25247.73
2023-01-09;1015.97;2031.94;0.0;21642.88;20705.38;22580.38
2023-01-10;1171.35;2342.71;0.0;23955.28;22011.12;25899.44
2023-01-11;676.66;1353.31;0.0;33260.21;29009.79;37510.62
2023-01-12;593.97;1187.94;0.0;42117.3;42952.81;41281.79
2023-01-13;1549.8;3099.6;0.0;42452.71;43011.58;41893.83
2023-01-14;1165.33;2330.67;0.0;39612.35;40643.98;38580.73
2023-01-15;1211.22;2422.44;0.0;42281.41;44738.6;39824.21
2023-01-16;1780.02;3560.04;0.0;26086.0;25132.23;27039.77
2023-01-17;2499.89;4999.77;0.0;24413.54;22004.67;26822.42
2023-01-18;1647.43;3294.85;0.0;12953.93;11033.4;14874.46
2023-01-19;1791.08;3582.17;0.0;21622.76;20137.12;23108.4
2023-01-20;1606.53;3212.5;0.56;5673.93;4075.81;7272.04
2023-01-21;948.1;1895.71;0.5;13853.16;14678.54;13027.77
2023-01-22;483.21;966.25;0.17;12987.3;10513.06;15461.54
2023-01-23;623.09;1245.98;0.21;5915.48;5450.71;6380.25
2023-01-24;1020.02;2039.62;0.42;5048.3;4294.71;5801.9
2023-01-25;1064.57;2128.73;0.42;5370.28;6077.12;4663.44
2023-01-26;700.18;1399.56;0.79;7414.73;7242.21;7587.25
2023-01-27;733.21;1466.02;0.4;10318.51;9505.44;11131.58
2023-01-28;1310.36;2620.38;0.35;5933.68;5792.12;6075.23
2023-01-29;1835.54;3669.81;1.27;21946.7;22723.98;21169.42
2023-01-30;1250.46;2500.31;0.6;44874.89;46495.88;43253.9
2023-01-31;828.89;1656.65;1.12;38804.7;40604.46;37004.94
2023-02-01;1185.65;2369.85;1.44;44520.49;45786.98;43254.0
2023-02-02;1081.78;2162.46;1.1;26812.24;19709.04;33915.44
2023-02-03;892.98;1784.21;1.75;41649.41;45714.0;37584.81
2023-02-04;2451.2;4901.54;0.85;7886.12;2587.19;13185.06
2023-02-05;1774.53;3546.21;2.85;13402.65;15908.6;10896.69
2023-02-06;2627.06;5250.48;3.65;4121.16;2823.54;5418.77
2023-02-07;5830.35;11656.06;4.65;4401.65;3096.31;5706.98
2023-02-08;6468.46;12930.17;6.75;10430.05;9129.83;11730.27
2023-02-09;5560.53;11111.83;9.23;18475.1;15640.25;21309.96
2023-02-10;3804.71;7601.29;8.12;20845.04;18984.23;22705.85
2023-02-11;1989.14;3973.21;5.06;26435.85;26465.5;26406.21
2023-02-12;2159.91;4316.42;3.4;5140.28;4255.77;6024.79
2023-02-13;3829.04;7651.83;6.25;4274.04;3516.77;5031.31
2023-02-14;5050.71;10090.71;10.71;1889.48;1324.17;2454.79
2023-02-15;5833.7;11651.44;15.96;6212.92;4793.9;7631.94
2023-02-16;4454.84;8887.27;22.42;16415.3;13893.73;18936.88
2023-02-17;1139.56;2272.12;7.0;38785.43;43738.56;33832.29
2023-02-18;1616.8;3223.6;10.0;29974.2;30340.06;29608.33
2023-02-19;2521.83;5034.06;9.6;17583.15;15082.56;20083.73
2023-02-20;4281.43;8542.85;20.0;38363.58;41178.81;35548.35
2023-02-21;3523.46;7021.62;25.29;19329.85;15751.06;22908.65
2023-02-22;4281.57;8537.85;25.29;5857.72;6530.79;5184.65
2023-02-23;2193.67;4369.56;17.77;8366.5;8666.67;8066.33
2023-02-24;2010.44;4001.98;18.9;25804.65;29512.69;22096.6
2023-02-25;3050.88;6077.17;24.58;30132.59;29995.88;30269.31
2023-02-26;4572.36;9091.33;53.4;17285.76;17178.94;17392.58
2023-02-27;5092.53;10114.42;70.65;8073.48;7950.08;8196.88
2023-02-28;6595.39;13103.85;86.92;6609.79;6185.67;7033.92
2023-03-01;7401.77;14693.46;110.08;7296.22;6517.96;8074.48
2023-03-02;7011.17;13915.54;106.79;7206.53;5582.6;8830.46
2023-03-03;6111.65;12141.69;81.6;10461.73;9351.6;11571.85
2023-03-04;4092.64;8111.23;74.04;22544.53;22763.98;22325.08
2023-03-05;2898.96;5741.54;56.38;15278.98;15313.48;15244.48
2023-03-06;2748.7;5443.25;54.15;9792.18;7989.77;11594.58
2023-03-07;3485.46;6894.1;76.81;30701.36;30963.75;30438.98
2023-03-08;2099.41;4124.96;73.85;8815.5;7041.79;10589.21
2023-03-09;2833.99;5601.77;66.21;12548.53;10644.4;14452.67
2023-03-10;2717.78;5353.92;81.65;24326.4;22973.6;25679.19
2023-03-11;5164.04;10197.4;130.69;22607.48;19589.6;25625.35
2023-03-12;2745.88;5383.85;107.9;18785.99;19482.58;18089.4
2023-03-13;3910.24;7755.94;64.54;40107.56;42409.44;37805.69
2023-03-14;3257.85;6386.23;129.48;38461.97;39986.83;36937.1
2023-03-15;5886.58;11532.0;241.17;19241.68;19162.29;19321.06
2023-03-16;6755.67;13251.25;260.08;21450.09;21191.0;21709.19
2023-03-17;6901.49;13525.85;277.12;22079.08;17509.38;26648.79
2023-03-18;7339.45;14395.27;283.62;8557.86;4856.75;12258.98
2023-03-19;4309.9;8434.33;185.46;6692.02;5083.17;8300.88
2023-03-20;4039.78;7921.33;158.23;11348.6;12882.06;9815.15
2023-03-21;4224.72;8292.06;157.38;12318.42;13053.46;11583.38
2023-03-22;6519.1;12681.15;357.06;28062.64;30709.92;25415.35
2023-03-23;4325.17;8495.27;155.06;31102.58;31570.35;30634.81
2023-03-24;4583.14;9028.71;137.56;34396.71;36279.04;32514.38
2023-03-25;5973.18;11657.29;289.06;36139.9;37098.77;35181.02
2023-03-26;4262.87;8143.83;29.09;19020.9;14685.71;23750.2
2023-03-27;6218.08;12390.48;45.69;26183.74;27880.58;24486.9
2023-03-28;8005.45;15938.27;72.62;14534.52;9908.4;19160.65
2023-03-29;4054.08;8075.04;33.12;13438.9;10869.85;16007.94
2023-03-30;5223.56;10406.69;40.44;29249.88;32920.9;25578.85
2023-03-31;4042.06;8046.23;37.9;21036.48;18442.23;23630.73
2023-04-01;2705.77;5368.44;43.1;27395.02;27837.62;26952.42
2023-04-02;5528.81;11012.08;45.54;22754.05;21124.62;24383.48
2023-04-03;9478.79;18833.65;123.94;11868.25;10902.94;12833.56
2023-04-04;9080.75;18029.6;131.9;3947.14;2422.42;5471.85
2023-04-05;9087.2;18015.79;158.6;1372.8;573.27;2172.33
2023-04-06;9567.77;18940.92;194.62;8607.68;8026.54;9188.81
2023-04-07;6555.82;12979.67;131.98;11471.58;9920.79;13022.38
2023-04-08;5047.61;10014.12;81.1;5746.74;4815.12;6678.35
2023-04-09;8889.44;17611.44;167.44;2930.7;1615.69;4245.71
2023-04-10;10616.28;20988.1;244.46;20059.17;19523.52;20594.81
2023-04-11;7240.23;14387.98;92.48;26056.66;27878.9;24234.42
2023-04-12;4125.97;8125.77;126.17;19826.03;20701.19;18950.88
2023-04-13;6146.93;12122.56;171.29;18952.04;18721.73;19182.35
2023-04-14;6885.3;13603.9;166.71;5225.58;4155.52;6295.65
2023-04-15;4091.25;8036.4;146.1;13714.22;15976.08;11452.35
2023-04-16;4105.0;8112.62;97.38;8758.45;7770.71;9746.19
2023-04-17;7376.1;14590.44;161.77;9357.35;9409.83;9304.88
2023-04-18;6881.73;13563.96;199.5;18609.55;18882.06;18337.04
2023-04-19;8829.8;17378.27;281.33;23594.1;24826.42;22361.79
2023-04-20;5944.97;11698.5;191.44;21454.28;20460.17;22448.4
2023-04-21;11373.62;22381.27;365.98;23563.41;21375.29;25751.52
2023-04-22;10715.43;20999.44;431.42;17185.4;13591.42;20779.38
2023-04-23;8398.62;16579.83;217.42;9203.8;7194.42;11213.19
2023-04-24;7389.0;14530.25;247.75;23825.58;25894.94;21756.23
2023-04-25;7030.38;13748.38;312.38;22476.92;24373.58;20580.25
2023-04-26;8682.05;16871.21;492.9;15052.83;14841.73;15263.94
2023-04-27;10292.23;20078.71;505.75;5718.39;4527.96;6908.81
2023-04-28;4182.5;8086.85;278.15;12663.83;13310.5;12017.17
2023-04-29;7842.09;15390.33;293.85;9164.01;8232.4;10095.62
2023-04-30;12361.58;24156.12;567.04;5475.91;3350.27;7601.54
2023-05-01;8353.09;16169.19;537.0;6277.93;3198.02;9357.83
2023-05-02;7837.62;15292.5;382.75;12827.53;13221.44;12433.62
2023-05-03;12169.29;23715.19;623.4;4299.46;2354.5;6244.42
2023-05-04;12776.44;24822.98;729.9;8384.12;5750.71;11017.54
2023-05-05;9177.05;17745.56;608.54;17701.15;15851.52;19550.77
2023-05-06;8886.25;17345.79;426.71;10766.97;8325.35;13208.58
2023-05-07;9557.17;18551.48;562.85;14725.22;13955.33;15495.1
2023-05-08;10459.5;20281.88;637.12;14155.64;11818.54;16492.73
2023-05-09;10391.96;20037.85;746.06;18063.02;17244.6;18881.44
2023-05-10;5811.79;11172.0;451.58;11536.55;9556.65;13516.46
2023-05-11;5161.66;9973.56;349.75;5521.16;4544.56;6497.75
2023-05-12;9033.04;17490.6;575.48;12493.72;11299.71;13687.73
2023-05-13;10069.8;19445.58;694.02;9615.34;7697.06;11533.62
2023-05-14;10054.89;19326.69;783.08;5163.52;3959.92;6367.12
2023-05-15;9950.06;19190.85;709.27;6549.7;6664.83;6434.56
2023-05-16;8052.6;15492.35;612.85;21944.96;23545.52;20344.4
2023-05-17;10713.81;20667.98;759.65;16524.73;16236.77;16812.69
2023-05-18;11875.94;22812.44;939.44;4286.73;2355.4;6218.06
2023-05-19;10721.39;20549.08;893.69;8381.03;6838.71;9923.35
2023-05-20;10292.47;19814.65;770.29;17042.54;16660.04;17425.04
2023-05-21;12690.36;24425.6;955.12;14384.9;11621.12;17148.67
2023-05-22;12867.57;24759.73;975.42;10919.2;7997.1;13841.29
2023-05-23;7534.7;14527.77;541.62;20364.32;23459.54;17269.1
2023-05-24;9187.72;17562.06;813.38;9901.6;6843.73;12959.48
2023-05-25;12828.02;24636.25;1019.79;10511.29;9918.73;11103.85
2023-05-26;13700.12;26318.46;1081.79;11256.22;9949.71;12562.73
2023-05-27;14402.98;27669.44;1136.52;4203.46;1947.9;6459.02
2023-05-28;14445.89;27736.62;1155.15;5868.62;4031.23;7706.02
2023-05-29;14082.59;27021.83;1143.35;11488.85;9233.67;13744.04
2023-05-30;13056.28;25002.35;1110.21;7896.27;4967.69;10824.85
2023-05-31;15090.83;28977.0;1204.67;9646.24;8496.85;10795.62
2023-06-01;14318.3;27498.4;1138.21;14085.67;12949.42;15221.92
2023-06-02;13733.74;26336.5;1130.98;9522.05;6861.67;12182.44
2023-06-03;14541.07;27835.54;1246.6;7681.55;4290.4;11072.71
2023-06-04;15086.36;28890.73;1282.0;5254.74;2806.31;7703.17
2023-06-05;13921.43;26578.0;1264.85;4917.56;2743.5;7091.62
2023-06-06;11147.41;21279.12;1015.69;5695.27;4450.54;6940.0
2023-06-07;11597.84;22182.23;1013.46;3958.81;2780.21;5137.42
2023-06-08;12475.55;23813.08;1138.02;5365.39;4066.6;6664.17
2023-06-09;13871.57;26538.12;1205.02;9553.75;7781.23;11326.27
2023-06-10;13781.62;26319.92;1243.33;16104.46;13500.71;18708.21
2023-06-11;14556.62;27805.77;1307.48;15583.25;11648.96;19517.54
2023-06-12;14943.96;28566.06;1321.85;13302.85;10099.04;16506.67
2023-06-13;14607.51;27886.96;1328.06;13827.66;12061.06;15594.25
2023-06-14;13064.96;24839.17;1290.75;10485.36;9193.19;11777.54
2023-06-15;12282.84;23378.12;1187.56;4883.45;4152.77;5614.12
2023-06-16;11370.26;21634.54;1105.98;4587.28;5342.4;3832.17
2023-06-17;12940.22;24732.79;1147.65;2392.46;2208.21;2576.71
2023-06-18;13615.67;26009.9;1221.44;2442.45;1683.77;3201.12
2023-06-19;10802.19;20630.67;973.71;7546.8;5559.73;9533.88
2023-06-20;11856.64;22695.21;1018.06;5729.53;4989.69;6469.38
2023-06-21;10847.12;20682.15;1012.1;5748.71;5762.85;5734.56
2023-06-22;9721.58;18449.58;993.58;7237.81;6213.85;8261.77
2023-06-23;7565.93;14537.31;594.54;14447.44;14040.27;14854.6
2023-06-24;13703.58;26237.6;1169.56;3350.98;2867.98;3833.98
2023-06-25;13992.88;26796.56;1189.19;1725.67;821.88;2629.46
2023-06-26;12501.8;23832.67;1170.94;16696.36;18373.06;15019.67
2023-06-27;10587.42;20121.19;1053.65;15872.0;17352.58;14391.42
2023-06-28;10598.35;20209.27;987.44;6642.24;5924.83;7359.65
2023-06-29;11034.23;21036.19;1032.27;2516.35;2409.29;2623.42
2023-06-30;7531.75;14466.9;596.6;4641.59;5084.73;4198.46
2023-07-01;7563.78;14336.71;790.85;17017.28;19796.98;14237.58
2023-07-02;11345.62;21778.69;912.56;26971.53;30442.9;23500.17
2023-07-03;10499.59;19983.52;1015.67;26291.76;30329.48;22254.04
2023-07-04;11588.12;22128.35;1047.9;21473.84;23412.02;19535.67
2023-07-05;10674.76;20555.33;794.19;27552.48;34944.27;20160.69
2023-07-06;13049.78;24983.19;1116.38;9919.95;7951.1;11888.79
2023-07-07;15044.86;28901.75;1187.98;3044.46;1280.54;4808.38
2023-07-08;14387.91;27664.02;1111.79;8160.95;4666.54;11655.35
2023-07-09;13999.42;26885.67;1113.17;6591.3;3295.15;9887.46
2023-07-10;11389.56;21975.79;803.33;8517.62;10463.83;6571.42
2023-07-11;13535.07;26049.73;1020.42;8281.56;9357.85;7205.27
2023-07-12;10914.32;21089.0;739.65;17057.65;21013.23;13102.06
2023-07-13;11016.09;21174.08;858.1;12763.5;16204.4;9322.6
2023-07-14;11826.8;22659.77;993.83;4050.76;2878.54;5222.98
2023-07-15;12229.96;23483.33;976.58;18746.82;15960.21;21533.44
2023-07-16;11978.6;23271.35;685.85;20039.44;22582.12;17496.75
2023-07-17;11959.89;23071.27;848.5;17684.36;21214.98;14153.75
2023-07-18;12409.07;23874.56;943.58;6246.47;4977.46;7515.48
2023-07-19;10617.23;20467.58;766.88;5774.62;7290.35;4258.9
2023-07-20;11373.32;21987.0;759.65;7700.11;9482.69;5917.54
2023-07-21;8447.26;16244.75;649.77;3679.72;3664.75;3694.69
2023-07-22;10183.02;19580.71;785.33;10619.01;11646.35;9591.67
2023-07-23;7609.91;14632.94;586.88;22868.07;26794.46;18941.69
2023-07-24;7855.64;15098.71;612.56;17657.71;17072.5;18242.92
2023-07-25;7582.84;14604.21;561.48;11698.56;11371.08;12026.04
2023-07-26;9142.64;17643.08;642.19;12701.34;13403.69;11999.0
2023-07-27;4810.86;9156.67;465.06;14854.84;15346.19;14363.5
2023-07-28;7325.4;14284.42;366.38;10494.54;10098.46;10890.62
2023-07-29;7837.68;15174.1;501.25;10747.66;12760.83;8734.48
2023-07-30;9616.06;18662.71;569.42;17568.59;20181.4;14955.79
2023-07-31;6560.99;12747.88;374.1;22889.27;24172.44;21606.1
2023-08-01;6303.05;12345.02;261.08;21296.26;21922.73;20669.79
2023-08-02;5441.92;10433.88;449.96;21242.25;22651.69;19832.81
2023-08-03;8700.29;16935.04;465.54;29488.62;31746.88;27230.38
2023-08-04;8318.98;16229.73;408.23;8858.84;7439.46;10278.23
2023-08-05;8008.45;15575.98;440.92;3281.34;2266.25;4296.44
2023-08-06;5088.73;9893.29;284.17;9831.92;9091.62;10572.21
2023-08-07;6631.11;12983.81;278.42;33122.58;36629.69;29615.48
2023-08-08;9737.36;18952.83;521.9;30480.91;31816.62;29145.19
2023-08-09;8725.93;17130.06;321.79;16568.0;16298.94;16837.06
2023-08-10;12698.29;24865.92;530.67;4442.11;4336.17;4548.06
2023-08-11;13317.41;26111.6;523.21;3846.52;3752.85;3940.19
2023-08-12;8576.31;16762.5;390.12;7938.75;8158.48;7719.02
2023-08-13;9730.24;19044.52;415.96;6267.22;5873.88;6660.56
2023-08-14;10965.16;21473.46;456.85;3342.07;2676.27;4007.88
2023-08-15;10021.11;19628.38;413.85;6876.53;6887.04;6866.02
2023-08-16;9991.11;19636.27;345.96;2640.74;1655.52;3625.96
2023-08-17;8103.16;15916.65;289.67;7770.52;6988.58;8552.46
2023-08-18;11458.22;22559.96;356.48;6940.36;4972.54;8908.19
2023-08-19;10877.52;21336.33;418.71;8353.86;6896.67;9811.06
2023-08-20;11694.82;23026.23;363.42;2702.56;2242.9;3162.23
2023-08-21;11733.79;23094.25;373.33;2061.75;2063.9;2059.6
2023-08-22;11494.27;22636.29;352.25;3092.22;3215.75;2968.69
2023-08-23;11846.08;23319.75;372.42;2318.33;2574.46;2062.21
2023-08-24;10515.71;20679.42;352.0;3321.38;2581.08;4061.67
2023-08-25;7574.51;14886.65;262.38;7583.93;6892.83;8275.02
2023-08-26;8478.05;16742.25;213.85;8422.91;9875.19;6970.62
2023-08-27;4522.57;8856.27;188.88;4077.02;4251.1;3902.94
2023-08-28;4914.11;9648.6;179.62;5930.16;3739.5;8120.81
2023-08-29;3820.67;7532.12;109.21;2971.16;2913.5;3028.81
2023-08-30;7922.35;15633.79;210.92;4821.78;5399.44;4244.12
2023-08-31;8347.28;16488.35;206.21;12244.1;13536.44;10951.77
2023-09-01;6336.73;12505.9;167.56;6585.95;5534.44;7637.46
2023-09-02;9508.67;18801.33;216.0;1648.44;1343.71;1953.17
2023-09-03;9395.53;18591.17;199.9;3538.26;3620.0;3456.52
2023-09-04;12462.23;24653.52;270.94;4967.95;3611.15;6324.75
2023-09-05;12395.35;24519.25;271.46;6920.03;3909.92;9930.15
2023-09-06;12574.8;24884.12;265.48;5839.04;3615.38;8062.71
2023-09-07;12427.93;24601.65;254.21;11894.52;9473.75;14315.29
2023-09-08;12390.08;24531.27;248.9;7190.81;3502.08;10879.54
2023-09-09;11985.07;23741.04;229.1;2302.48;1226.71;3378.25
2023-09-10;11512.47;22810.73;214.21;1023.34;543.02;1503.67
2023-09-11;11305.7;22410.73;200.67;2970.27;2318.44;3622.1
2023-09-12;8995.8;17825.88;165.73;3227.41;2474.44;3980.38
2023-09-13;5456.15;10832.62;79.67;11177.3;12829.58;9525.02
2023-09-14;9344.84;18555.65;134.04;2415.97;1312.02;3519.92
2023-09-15;11016.28;21862.17;170.4;5746.21;3840.08;7652.33
2023-09-16;10344.09;20524.31;163.88;5229.92;2282.67;8177.17
2023-09-17;9323.83;18514.06;133.6;6255.11;5209.46;7300.77
2023-09-18;5937.1;11764.35;109.85;20445.84;21516.25;19375.44
2023-09-19;7657.76;15210.35;105.17;29854.04;29341.71;30366.38
2023-09-20;9618.38;19112.77;123.98;23828.65;21771.02;25886.27
2023-09-21;7482.38;14855.56;109.19;17372.21;15604.96;19139.46
2023-09-22;5099.93;10160.48;39.38;14727.62;14871.77;14583.48
2023-09-23;6625.1;13171.04;79.17;13561.31;14851.15;12271.48
2023-09-24;9376.71;18655.52;97.9;7452.26;6229.17;8675.35
2023-09-25;10376.64;20633.46;119.81;12361.05;9396.08;15326.02
2023-09-26;9718.62;19354.25;83.0;3225.76;2545.98;3905.54
2023-09-27;9259.26;18442.73;75.79;4583.0;1734.58;7431.42
2023-09-28;8456.68;16852.1;61.25;10287.93;8324.15;12251.71
2023-09-29;6215.39;12376.08;54.69;14151.35;15851.12;12451.58
2023-09-30;7732.36;15413.17;51.56;11379.16;10083.12;12675.19
2023-10-01;7759.98;15472.5;47.46;9693.32;10775.98;8610.67
2023-10-02;8460.35;16863.62;57.08;6752.56;5523.31;7981.81
2023-10-03;5846.18;11647.15;45.21;28499.53;32690.83;24308.23
2023-10-04;7035.45;14026.5;44.4;25520.65;23567.58;27473.71
2023-10-05;5659.54;11285.33;33.75;19859.29;18177.21;21541.38
2023-10-06;6901.56;13766.75;36.38;23497.58;24711.12;22284.04
2023-10-07;4529.91;9034.56;25.25;25647.31;22246.67;29047.96
2023-10-08;5311.28;10598.44;24.12;7365.2;2554.19;12176.21
2023-10-09;3129.24;6245.52;12.96;11465.96;12082.06;10849.85
2023-10-10;5989.9;11962.81;16.98;11164.58;10529.67;11799.5
2023-10-11;7332.94;14643.06;22.81;29862.0;30133.85;29590.15
2023-10-12;3018.68;6023.79;13.56;13942.0;10247.21;17636.79
2023-10-13;5332.18;10651.92;12.44;28179.94;33644.27;22715.6
2023-10-14;4871.55;9733.81;9.29;32378.75;30716.15;34041.35
2023-10-15;5203.66;10396.65;10.67;27550.99;28347.98;26754.0
2023-10-16;6463.26;12916.88;9.65;9947.66;6631.46;13263.85
2023-10-17;5578.29;11150.71;5.88;5257.77;4198.98;6316.56
2023-10-18;5804.86;11599.67;10.06;16535.27;16579.73;16490.81
2023-10-19;2272.74;4542.85;2.62;24295.05;21057.98;27532.12
2023-10-20;1260.1;2518.0;2.21;31259.78;33475.35;29044.21
2023-10-21;4554.85;9106.21;3.5;22558.17;20531.08;24585.25
2023-10-22;4805.78;9609.81;1.75;21764.8;21126.42;22403.19
2023-10-23;4702.99;9403.46;2.52;7820.6;4675.02;10966.19
2023-10-24;1643.68;3285.29;2.06;16582.69;14541.98;18623.4
2023-10-25;3398.18;6793.94;2.42;13439.73;11771.83;15107.62
2023-10-26;1582.94;3164.02;1.85;12299.36;9758.15;14840.58
2023-10-27;2008.8;4016.6;1.0;12324.38;13324.94;11323.81
2023-10-28;3209.82;6418.19;1.46;17123.66;15961.15;18286.17
2023-10-29;3120.77;6168.44;73.1;31889.6;32248.15;31531.06
2023-10-30;3118.54;6161.0;76.08;19507.52;15276.69;23738.35
2023-10-31;2063.44;4097.48;29.4;19495.92;20587.38;18404.46
2023-11-01;3848.0;7615.04;80.96;22061.42;22681.6;21441.23
2023-11-02;2115.48;4174.62;56.33;33650.28;37089.02;30211.54
2023-11-03;2742.49;5446.4;38.58;28840.0;28243.12;29436.88
2023-11-04;3687.54;7287.65;87.44;32550.85;32881.83;32219.88
2023-11-05;2100.41;4163.33;37.48;29435.32;26383.19;32487.46
2023-11-06;3527.35;7004.79;49.92;36680.96;35344.46;38017.46
2023-11-07;2824.04;5602.38;45.71;29632.8;28278.31;30987.29
2023-11-08;3110.07;6178.54;41.6;32334.44;32076.46;32592.42
2023-11-09;1925.84;3817.88;33.81;26398.99;24027.9;28770.08
2023-11-10;2405.93;4788.81;23.04;23000.7;22788.88;23212.52
2023-11-11;2256.22;4492.94;19.5;13738.19;14327.62;13148.75
2023-11-12;2324.38;4626.17;22.58;6233.71;4632.08;7835.33
2023-11-13;990.35;1964.69;16.02;22745.25;26032.75;19457.75
2023-11-14;1410.15;2807.06;13.23;38529.49;39288.46;37770.52
2023-11-15;2063.38;4113.0;13.75;20714.68;17423.65;24005.71
2023-11-16;1685.08;3349.58;20.58;17829.38;12558.56;23100.19
2023-11-17;1817.7;3626.67;8.73;11075.22;10794.23;11356.21
2023-11-18;1888.46;3764.9;12.02;13810.5;14075.38;13545.62
2023-11-19;1960.72;3914.12;7.31;34130.09;35982.69;32277.5
2023-11-20;1563.96;3117.77;10.15;20099.78;19156.4;21043.17
2023-11-21;1162.07;2318.12;6.02;10121.49;10385.1;9857.88
2023-11-22;2273.58;4541.67;5.5;13640.59;13028.48;14252.71
2023-11-23;1619.35;3227.0;11.71;41535.16;43133.27;39937.04
2023-11-24;1653.52;3301.1;5.94;41770.91;41463.75;42078.06
2023-11-25;1708.45;3412.29;4.6;21614.16;20105.62;23122.69
2023-11-26;1718.14;3432.25;4.02;8743.44;8142.08;9344.79
2023-11-27;849.6;1696.15;3.06;16551.53;18757.54;14345.52
2023-11-28;1013.58;2025.15;2.02;18108.1;13481.4;22734.81
2023-11-29;1652.94;3302.02;3.85;17413.4;17962.5;16864.29
2023-11-30;1195.52;2389.12;1.92;3554.51;2949.92;4159.1
2023-12-01;769.08;1537.19;0.98;3828.04;3500.96;4155.12
2023-12-02;718.6;1436.58;0.62;4542.92;3658.25;5427.58
2023-12-03;1152.97;2304.12;1.81;9585.03;8727.65;10442.42
2023-12-04;384.39;768.44;0.33;21051.2;20954.48;21147.92
2023-12-05;508.31;1016.4;0.23;23222.86;22553.08;23892.65
2023-12-06;352.76;705.48;0.04;10585.3;9389.5;11781.1
2023-12-07;1149.72;2299.42;0.02;6830.26;4780.48;8880.04
2023-12-08;489.89;979.73;0.04;17709.05;16357.19;19060.92
2023-12-09;1062.69;2125.35;0.02;25839.57;27433.85;24245.29
2023-12-10;1221.75;2443.44;0.06;33096.62;32619.69;33573.56
2023-12-11;1340.86;2681.73;0.0;28784.83;28875.48;28694.19
2023-12-12;985.05;1970.1;0.0;11556.52;9487.85;13625.19
2023-12-13;948.55;1897.1;0.0;17697.34;16532.4;18862.29
2023-12-14;650.45;1300.9;0.0;5984.26;3836.48;8132.04
2023-12-15;861.26;1722.52;0.0;14722.62;15409.1;14036.15
2023-12-16;1357.09;2714.19;0.0;26063.33;27155.6;24971.06
2023-12-17;1797.84;3595.69;0.0;29974.42;29422.92;30525.92
2023-12-18;2551.9;5103.79;0.0;30699.78;28460.83;32938.73
2023-12-19;1635.38;3270.75;0.0;30332.9;30001.02;30664.77
2023-12-20;981.41;1962.81;0.0;37129.76;40604.4;33655.12
2023-12-21;316.38;632.75;0.0;47022.96;49832.94;44212.98
2023-12-22;860.96;1721.92;0.0;46526.68;45838.4;47214.96
2023-12-23;430.11;860.23;0.0;35123.33;31205.81;39040.85
2023-12-24;425.6;851.21;0.0;42272.82;45201.21;39344.44
2023-12-25;1039.88;2079.75;0.0;39024.94;36031.81;42018.06
2023-12-26;1375.69;2751.38;0.0;38284.2;40037.1;36531.29
2023-12-27;1932.57;3865.15;0.0;20486.82;17887.54;23086.1
2023-12-28;1556.65;3113.29;0.0;41182.54;41107.17;41257.92
2023-12-29;1425.28;2850.56;0.0;44251.04;45270.79;43231.29
2023-12-30;2099.93;4199.85;0.0;31629.58;29218.69;34040.48
2023-12-31;1253.31;2506.62;0.0;30928.4;33768.12;28088.67
2024-01-01;1681.1;3362.21;0.0;32565.51;33107.65;32023.38
2024-01-02;284.74;569.48;0.0;32759.66;33852.92;31666.4
2024-01-03;1209.27;2418.54;0.0;40890.82;42085.33;39696.31
2024-01-04;1028.14;2056.27;0.0;25958.92;24475.67;27442.17
2024-01-05;1164.7;2329.4;0.0;22669.78;25595.96;19743.6
2024-01-06;581.61;1163.23;0.0;18395.11;17412.0;19378.23
2024-01-07;1072.71;2145.42;0.0;19158.31;18939.15;19377.48
2024-01-08;2206.61;4413.23;0.0;19902.99;19998.77;19807.21
2024-01-09;3648.8;7297.6;0.0;11211.48;9774.98;12647.98
2024-01-10;3426.08;6852.17;0.0;6636.45;5663.44;7609.46
2024-01-11;3027.52;6055.04;0.0;5830.96;6423.75;5238.17
2024-01-12;1781.72;3563.44;0.0;9689.2;10460.17;8918.23
2024-01-13;1219.81;2439.62;0.0;30662.0;34034.23;27289.77
2024-01-14;1589.72;3179.44;0.0;31368.49;28709.12;34027.85
2024-01-15;1199.12;2398.25;0.0;32903.21;31956.38;33850.04
2024-01-16;1560.08;3120.17;0.0;18591.73;16087.73;21095.73
2024-01-17;619.0;1238.0;0.0;14144.77;10431.65;17857.9
2024-01-18;1263.73;2527.46;0.0;11733.97;11130.06;12337.88
2024-01-19;2188.08;4376.17;0.0;27608.56;27222.29;27994.83
2024-01-20;2770.39;5540.75;0.02;29066.39;27493.1;30639.67
2024-01-21;1919.99;3839.94;0.04;37312.41;40393.56;34231.25
2024-01-22;805.47;1610.9;0.04;46333.74;46750.38;45917.1
2024-01-23;2231.8;4463.56;0.04;42247.5;39957.77;44537.23
2024-01-24;1624.73;3249.46;0.0;48101.02;49038.4;47163.65
2024-01-25;1664.79;3329.46;0.12;25870.16;20514.4;31225.92
2024-01-26;1036.52;2072.88;0.17;34560.68;42237.38;26883.98
2024-01-27;4080.98;8160.5;1.46;22575.53;19233.98;25917.08
2024-01-28;5147.47;10292.23;2.71;18279.47;18651.21;17907.73
2024-01-29;4693.85;9384.29;3.42;16652.14;12057.67;21246.6
2024-01-30;3186.79;6370.77;2.81;21221.39;22458.88;19983.9
2024-01-31;2984.51;5968.06;0.96;24237.05;21264.38;27209.73
2024-02-01;2777.34;5553.04;1.65;32940.79;31597.6;34283.98
2024-02-02;1402.64;2803.85;1.42;34361.74;36678.38;32045.1
2024-02-03;1470.74;2939.71;1.77;38721.2;37978.79;39463.6
2024-02-04;1331.7;2661.06;2.33;42475.95;43814.67;41137.23
2024-02-05;3427.99;6853.23;2.75;45734.3;46275.4;45193.21
2024-02-06;2509.28;5014.15;4.42;47769.07;48901.69;46636.46
2024-02-07;1997.31;3990.12;4.5;24794.41;18676.6;30912.21
2024-02-08;1641.86;3279.71;4.02;11112.46;9377.25;12847.67
2024-02-09;1385.67;2768.46;2.88;26407.3;26411.71;26402.9
2024-02-10;3679.89;7351.48;8.29;12427.66;9796.92;15058.4
2024-02-11;1346.09;2688.33;3.85;18141.24;16581.81;19700.67
2024-02-12;2663.07;5320.54;5.6;18171.81;18512.56;17831.06
2024-02-13;4380.76;8750.4;11.12;19921.06;19004.35;20837.77
2024-02-14;1828.78;3646.33;11.23;22207.72;22270.31;22145.12
2024-02-15;3189.67;6365.48;13.85;15744.39;13860.6;17628.17
2024-02-16;3905.59;7787.65;23.54;24374.97;24543.83;24206.1
2024-02-17;3529.92;7048.75;11.08;13202.03;11099.77;15304.29
2024-02-18;3186.42;6352.83;20.0;19360.34;21770.67;16950.02
2024-02-19;2377.23;4745.73;8.73;27116.95;26074.88;28159.02
2024-02-20;3685.41;7354.92;15.9;24347.15;23775.35;24918.94
2024-02-21;4396.82;8766.98;26.67;28281.24;24824.19;31738.29
2024-02-22;1556.19;3103.15;9.23;34114.11;30821.25;37406.98
2024-02-23;4291.0;8546.62;35.38;35571.39;33227.73;37915.04
2024-02-24;5971.3;11870.46;72.15;17435.09;17311.46;17558.73
2024-02-25;6667.82;13250.23;85.42;13347.11;10453.15;16241.08
2024-02-26;4123.97;8190.29;57.65;12936.23;12914.0;12958.46
2024-02-27;4015.93;7987.46;44.4;6498.31;4005.06;8991.56
2024-02-28;5174.52;10301.08;47.96;6758.32;4987.75;8528.9
2024-02-29;7097.59;14073.15;122.04;21151.78;19931.15;22372.42
2024-03-01;4997.04;9909.71;84.38;16135.01;12452.04;19817.98
2024-03-02;5715.85;11356.46;75.25;15277.26;11227.0;19327.52
2024-03-03;7904.06;15647.75;160.38;14863.61;12018.92;17708.31
2024-03-04;4096.97;8103.58;90.35;8951.33;7176.96;10725.71
2024-03-05;3096.65;6124.94;68.35;14049.82;14700.38;13399.27
2024-03-06;4296.98;8493.38;100.58;5796.39;3895.25;7697.52
2024-03-07;6024.56;11890.9;158.23;12885.95;12323.67;13448.23
2024-03-08;10214.81;20173.94;255.69;23329.16;22792.29;23866.02
2024-03-09;8834.56;17421.85;247.27;24877.5;22510.81;27244.19
2024-03-10;7117.73;13983.92;251.54;28494.86;27789.46;29200.27
2024-03-11;5890.03;11593.71;186.35;21450.4;20197.52;22703.27
2024-03-12;4399.04;8615.38;182.71;6079.56;5067.23;7091.9
2024-03-13;4330.34;8482.56;178.12;11690.28;11526.04;11854.52
2024-03-14;6147.17;12138.04;156.29;16574.39;14390.69;18758.08
2024-03-15;6150.83;12049.79;251.88;24888.44;24367.88;25409.0
2024-03-16;5087.75;9978.1;197.4;25759.24;26773.77;24744.71
2024-03-17;7181.78;14000.4;363.17;9878.26;8260.79;11495.73
2024-03-18;4462.21;8682.52;241.9;11279.22;8378.58;14179.85
2024-03-19;7839.4;15314.23;364.56;7503.99;6874.56;8133.42
2024-03-20;8738.66;17017.21;460.1;2370.23;1300.92;3439.54
2024-03-21;6019.58;11774.5;264.67;10925.62;11492.21;10359.04
2024-03-22;6151.54;11954.48;348.6;19032.22;20340.9;17723.54
2024-03-23;5989.69;11694.04;285.33;23609.54;27471.23;19747.85
2024-03-24;4919.07;9515.56;322.58;32681.6;33803.69;31559.52
2024-03-25;8708.54;17015.81;401.27;11747.85;5773.67;17722.04
2024-03-26;10760.85;20767.5;754.21;19042.6;18682.38;19402.83
2024-03-27;7883.28;15079.88;686.69;12386.0;8785.04;15986.96
2024-03-28;6174.53;11877.33;471.73;26142.44;30449.0;21835.88
2024-03-29;5305.53;10206.65;404.42;24720.67;22598.12;26843.21
2024-03-30;9297.17;17912.23;682.1;12454.03;12181.65;12726.42
2024-03-31;9181.66;17476.0;133.3;5797.89;4701.29;6994.18
2024-04-01;4400.92;8730.56;71.27;17265.28;17989.54;16541.02
2024-04-02;7729.54;15349.27;109.81;34455.16;37736.92;31173.4
2024-04-03;4103.93;8107.56;100.29;15676.58;13412.44;17940.73
2024-04-04;4559.31;9002.67;115.96;27940.67;27712.48;28168.85
2024-04-05;7811.46;15484.0;138.92;29109.88;31242.23;26977.52
2024-04-06;12089.23;23984.15;194.31;20850.92;16017.67;25684.17
2024-04-07;9922.75;19639.98;205.52;20770.03;16941.73;24598.33
2024-04-08;9734.47;19289.58;179.35;8221.35;4861.19;11581.52
2024-04-09;6987.4;13784.21;190.58;25369.66;28990.98;21748.33
2024-04-10;7792.89;15436.48;149.29;19542.08;15810.65;23273.52
2024-04-11;9588.5;18884.67;292.33;19329.77;20183.08;18476.46
2024-04-12;9975.6;19714.62;236.58;16692.02;19161.92;14222.12
2024-04-13;11970.7;23615.92;325.48;19852.74;18202.29;21503.19
2024-04-14;11026.3;21747.69;304.92;22836.58;22648.25;23024.92
2024-04-15;7351.48;14487.52;215.44;21978.05;26056.9;17899.21
2024-04-16;7203.64;14166.48;240.79;27264.71;25522.38;29007.04
2024-04-17;7133.29;14034.81;231.77;6561.79;4766.06;8357.52
2024-04-18;9079.2;17854.62;303.77;7259.39;7578.0;6940.77
2024-04-19;3888.54;7608.46;168.62;29985.74;33167.83;26803.65
2024-04-20;7677.5;15116.35;238.65;16140.25;11916.58;20363.92
2024-04-21;8245.84;16152.81;338.88;11142.29;11634.38;10650.21
2024-04-22;8782.21;17154.88;409.54;5800.59;4438.58;7162.6
2024-04-23;9538.88;18582.85;494.9;6106.88;6441.44;5772.31
2024-04-24;8022.09;15678.27;365.92;10073.05;9352.4;10793.71
2024-04-25;8207.23;16053.31;361.15;7423.29;6619.17;8227.42
2024-04-26;9626.61;18734.85;518.38;8496.5;7085.46;9907.54
2024-04-27;13271.3;25905.31;637.29;9233.7;8976.56;9490.83
2024-04-28;10899.99;21241.33;558.65;22720.86;21861.06;23580.67
2024-04-29;12300.5;24039.98;561.02;7000.68;3852.96;10148.4
2024-04-30;14025.74;27368.15;683.33;11885.08;8827.4;14942.77
2024-05-01;14515.27;28233.81;796.73;20296.24;18868.62;21723.85
2024-05-02;12138.07;23512.23;763.92;25526.64;23434.38;27618.9
2024-05-03;7742.71;14959.62;525.79;19367.64;17894.73;20840.54
2024-05-04;9713.39;18845.17;581.6;4364.68;2803.25;5926.1
2024-05-05;9311.6;18104.19;519.02;13702.03;16026.06;11378.0
2024-05-06;8130.62;15695.94;565.31;5681.93;4544.52;6819.33
2024-05-07;7835.71;15163.31;508.1;5934.75;5236.69;6632.81
2024-05-08;9929.38;19262.85;595.9;3632.18;2209.77;5054.58
2024-05-09;13755.7;26569.77;941.62;2333.68;1943.62;2723.73
2024-05-10;13419.22;25952.69;885.75;2511.17;1845.52;3176.81
2024-05-11;14314.94;27732.31;897.56;4396.24;2648.0;6144.48
2024-05-12;15691.92;30278.21;1105.62;13342.77;10336.35;16349.19
2024-05-13;14722.33;28380.48;1064.19;18713.86;14301.29;23126.44
2024-05-14;16447.79;31710.46;1185.12;23440.11;20679.35;26200.88
2024-05-15;13187.48;25328.12;1046.83;26680.12;25126.56;28233.69
2024-05-16;11524.97;22109.5;940.44;25949.86;26165.65;25734.08
2024-05-17;7997.85;15388.58;607.12;22835.5;23715.83;21955.17
2024-05-18;11214.62;21601.17;828.08;10322.18;8367.35;12277.0
2024-05-19;11570.07;22226.29;913.85;5505.66;4913.5;6097.81
2024-05-20;13898.06;26691.77;1104.35;4670.95;3324.79;6017.1
2024-05-21;9712.49;18488.25;936.73;17404.36;16875.75;17932.98
2024-05-22;8999.48;17374.42;624.54;15242.42;12549.52;17935.31
2024-05-23;12127.57;23187.94;1067.21;6190.15;5540.62;6839.67
2024-05-24;9990.01;19100.79;879.23;4075.73;3986.77;4164.69
2024-05-25;11914.01;22875.38;952.65;4417.43;3309.44;5525.42
2024-05-26;13469.97;25750.73;1189.21;3359.44;3122.38;3596.5
2024-05-27;10147.91;19510.98;784.83;5275.05;3090.88;7459.23
2024-05-28;11570.77;22362.31;779.23;8445.4;8724.33;8166.46
2024-05-29;8460.76;16101.46;820.06;15654.22;15958.73;15349.71
2024-05-30;9715.05;18707.77;722.33;3525.07;2398.15;4652.0
2024-05-31;7367.49;14114.06;620.92;7691.83;7405.75;7977.92
2024-06-01;7452.95;14337.48;568.42;11974.25;11336.83;12611.67
2024-06-02;9835.77;18888.54;783.0;15418.18;14485.04;16351.31
2024-06-03;11035.93;21214.6;857.25;8808.64;7692.81;9924.46
2024-06-04;13258.88;25315.9;1201.85;5372.42;5017.75;5727.08
2024-06-05;11604.73;22122.62;1086.83;14756.8;12906.44;16607.17
2024-06-06;14175.38;27036.75;1314.0;7221.1;7386.4;7055.81
2024-06-07;14555.33;27793.08;1317.58;5124.81;6840.83;3408.79
2024-06-08;14444.89;27489.46;1400.31;13432.23;14879.27;11985.19
2024-06-09;13044.36;24779.17;1309.56;15596.0;16135.6;15056.4
2024-06-10;11637.35;22095.73;1178.98;12075.11;10448.29;13701.94
2024-06-11;12321.22;23595.46;1046.98;22170.6;22556.92;21784.29
2024-06-12;13603.91;25861.44;1346.38;11087.59;10975.29;11199.9
2024-06-13;13668.33;26044.56;1292.1;5489.58;5066.75;5912.42
2024-06-14;8558.03;16291.83;824.23;13910.34;13925.12;13895.56
2024-06-15;11171.43;21513.62;829.23;22616.86;26344.1;18889.62
2024-06-16;13244.49;25200.73;1288.25;13316.89;12517.1;14116.67
2024-06-17;12066.9;22982.96;1150.83;6425.14;6215.4;6634.88
2024-06-18;13863.92;26359.54;1368.29;2834.81;1720.6;3949.02
2024-06-19;11137.14;21287.15;987.12;7765.85;7993.52;7538.19
2024-06-20;12958.94;24602.1;1315.77;4455.18;2845.25;6065.1
2024-06-21;9091.14;17215.06;967.21;7119.9;6598.71;7641.08
2024-06-22;11667.19;22375.12;959.25;13653.66;13775.65;13531.67
2024-06-23;13116.0;24991.77;1240.23;5668.53;5435.79;5901.27
2024-06-24;16181.64;30881.96;1481.31;2630.99;1576.52;3685.46
2024-06-25;17520.75;33513.79;1527.71;6179.26;4553.58;7804.94
2024-06-26;15668.26;29938.52;1398.0;6425.91;3787.67;9064.15
2024-06-27;13626.3;26016.35;1236.25;5211.41;4357.12;6065.69
2024-06-28;14952.29;28631.67;1272.92;12573.99;16562.08;8585.9
2024-06-29;16204.64;31038.9;1370.38;3443.07;1631.44;5254.71
2024-06-30;8569.79;16305.19;834.4;13924.89;15683.19;12166.58
2024-07-01;10052.21;19299.71;804.71;9204.47;10990.48;7418.46
2024-07-02;7971.39;15050.67;892.1;13929.58;15664.6;12194.56
2024-07-03;8697.14;16559.15;835.12;10475.03;9683.75;11266.31
2024-07-04;11205.56;21523.79;887.33;22766.89;26063.94;19469.83
2024-07-05;13169.93;25090.54;1249.31;19915.45;21675.54;18155.35
2024-07-06;12333.21;23481.23;1185.19;22294.76;24914.38;19675.15
2024-07-07;12376.09;23657.19;1095.0;13645.65;11126.15;16165.15
2024-07-08;15272.18;29348.29;1196.06;4131.73;3155.27;5108.19
2024-07-09;16624.43;31980.9;1267.96;8165.78;6760.92;9570.65
2024-07-10;11004.05;21061.98;946.12;10109.94;7892.08;12327.79
2024-07-11;13532.68;26103.88;961.48;4506.85;5225.6;3788.1
2024-07-12;8703.4;16597.35;809.44;7631.48;8890.21;6372.75
2024-07-13;12024.8;23267.42;782.19;17186.05;18271.77;16100.33
2024-07-14;15219.99;29255.79;1184.19;9841.44;9551.42;10131.46
2024-07-15;17174.91;33114.88;1234.94;6555.7;3874.85;9236.54
2024-07-16;12602.14;24482.96;721.31;18704.74;19084.75;18324.73
2024-07-17;12645.99;24327.83;964.15;13212.94;14202.83;12223.04
2024-07-18;15409.11;29644.88;1173.35;2509.14;1551.92;3466.35
2024-07-19;15147.36;29187.48;1107.25;2726.18;1277.79;4174.56
2024-07-20;15804.42;30579.62;1029.21;6755.97;4155.48;9356.46
2024-07-21;13822.65;26611.79;1033.5;6889.1;3729.77;10048.44
2024-07-22;11243.14;21870.0;616.27;9485.03;11062.42;7907.65
2024-07-23;11412.77;22016.08;809.46;9953.11;10290.6;9615.62
2024-07-24;13172.1;25632.17;712.04;11955.33;13048.1;10862.56
2024-07-25;15374.59;29708.6;1040.58;3775.35;3504.65;4046.06
2024-07-26;9968.71;19346.08;591.33;6109.98;5753.81;6466.15
2024-07-27;10492.81;20413.38;572.25;1589.12;1194.19;1984.06
2024-07-28;13413.61;26267.65;559.58;9658.22;10599.73;8716.71
2024-07-29;17370.9;33724.94;1016.85;4193.06;2852.44;5533.69
2024-07-30;16909.48;32840.15;978.81;2458.94;819.77;4098.1
2024-07-31;15601.91;30290.44;913.38;3222.49;2364.48;4080.5
2024-08-01;11765.71;22795.06;736.35;3558.91;2269.02;4848.79
2024-08-02;10104.81;19762.23;447.4;3417.24;2948.08;3886.4
2024-08-03;11801.77;22942.92;660.62;3056.95;3301.54;2812.35
2024-08-04;10139.98;19862.77;417.19;11207.49;14095.44;8319.54
2024-08-05;12937.79;25292.79;582.79;3056.68;1810.88;4302.48
2024-08-06;16292.2;31780.71;803.69;2960.08;1667.0;4253.17
2024-08-07;11467.2;22245.92;688.48;5584.38;5093.52;6075.23
2024-08-08;10409.07;20409.02;409.12;5329.49;5742.02;4916.96
2024-08-09;10444.17;20334.69;553.65;20797.88;25131.02;16464.73
2024-08-10;14921.89;29184.94;658.83;12461.92;12572.08;12351.75
2024-08-11;15391.72;30134.31;649.12;6274.76;5231.04;7318.48
2024-08-12;15578.84;30480.48;677.21;6571.77;4387.83;8755.71
2024-08-13;14503.59;28366.96;640.23;9956.41;6375.44;13537.38
2024-08-14;12077.33;23578.44;576.23;6930.42;4858.33;9002.5
2024-08-15;13279.02;26085.4;472.65;5187.85;4933.33;5442.38
2024-08-16;12089.38;23649.98;528.77;7110.46;7539.48;6681.44
2024-08-17;9824.94;19297.65;352.23;1707.65;1359.35;2055.94
2024-08-18;5376.74;10557.29;196.19;4684.95;4631.04;4738.85
2024-08-19;10162.9;20010.19;315.6;3941.06;1447.42;6434.71
2024-08-20;11758.45;23055.0;461.9;8511.79;7169.79;9853.79
2024-08-21;12482.31;24612.46;352.17;22011.92;25233.75;18790.08
2024-08-22;13327.68;26256.83;398.52;17123.17;17334.33;16912.0
2024-08-23;12988.17;25580.88;395.46;26403.52;30309.48;22497.56
2024-08-24;14400.39;28369.65;431.12;15654.15;15521.15;15787.15
2024-08-25;10138.76;20038.65;238.88;19230.14;16975.75;21484.52
2024-08-26;11317.85;22311.77;323.94;8810.41;8773.88;8846.94
2024-08-27;14181.97;27978.15;385.79;5518.82;4612.42;6425.23
2024-08-28;14724.68;29052.0;397.35;9487.2;6136.98;12837.42
2024-08-29;14049.45;27722.19;376.71;7542.6;5167.58;9917.62
2024-08-30;11388.24;22466.19;310.29;5226.64;4103.92;6349.35
2024-08-31;12644.09;25000.02;288.17;9190.8;7024.79;11356.81
2024-09-01;13555.52;26778.83;332.21;13311.32;10314.81;16307.83
2024-09-02;11885.93;23478.48;293.38;9508.32;6450.75;12565.9
2024-09-03;11862.93;23458.69;267.17;4724.44;3113.85;6335.02
2024-09-04;8659.88;17101.98;217.77;5328.77;4553.44;6104.1
2024-09-05;12469.8;24682.23;257.38;24933.42;27649.27;22217.56
2024-09-06;10333.12;20467.96;198.29;21466.14;18583.56;24348.71
2024-09-07;13197.67;26138.94;256.4;7093.46;4015.54;10171.38
2024-09-08;9970.12;19710.94;229.31;7393.7;5512.12;9275.27
2024-09-09;5838.05;11587.44;88.67;13522.41;13647.54;13397.27
2024-09-10;7863.8;15606.15;121.46;25145.58;26875.5;23415.67
2024-09-11;5296.95;10499.44;94.46;19661.61;18759.58;20563.65
2024-09-12;8459.36;16771.35;147.38;6390.48;4535.29;8245.67
2024-09-13;5895.88;11684.46;107.29;13236.12;14489.02;11983.23
2024-09-14;7330.6;14564.27;96.94;18585.74;17800.04;19371.44
2024-09-15;9034.82;17914.27;155.38;11245.89;10760.38;11731.4
2024-09-16;3926.97;7809.77;44.17;14675.98;16417.44;12934.52
2024-09-17;8450.17;16815.29;85.04;15493.57;13854.83;17132.31
2024-09-18;11445.43;22746.92;143.94;15388.72;14072.69;16704.75
2024-09-19;11139.16;22131.94;146.38;16597.19;15311.77;17882.6
2024-09-20;12434.57;24705.33;163.81;16748.7;14377.1;19120.29
2024-09-21;12338.97;24526.88;151.06;9354.34;6110.65;12598.04
2024-09-22;11425.54;22717.73;133.35;3495.43;1882.67;5108.19
2024-09-23;7401.58;14719.12;84.04;3425.18;2925.48;3924.88
2024-09-24;6074.35;12102.65;46.06;12737.93;12735.98;12739.88
2024-09-25;6482.51;12890.5;74.52;20529.42;19283.08;21775.75
2024-09-26;2903.35;5792.27;14.44;31995.54;35335.44;28655.65
2024-09-27;7459.23;14841.31;77.15;39114.17;40204.67;38023.67
2024-09-28;6579.31;13110.17;48.46;24092.85;22233.42;25952.29
2024-09-29;9447.46;18813.4;81.52;8603.41;4331.88;12874.94
2024-09-30;5301.64;10563.65;39.62;28526.2;28811.73;28240.67
2024-10-01;5147.89;10263.9;31.88;23249.96;20172.75;26327.17
2024-10-02;3793.73;7571.44;16.02;14712.46;14930.52;14494.4
2024-10-03;4865.32;9708.9;21.75;13922.85;13716.19;14129.52
2024-10-04;4731.15;9441.88;20.42;7934.07;6693.42;9174.73
2024-10-05;5835.49;11653.5;17.48;3296.55;2040.06;4553.04
2024-10-06;8017.03;16004.08;29.98;11322.53;10221.75;12423.31
2024-10-07;6065.16;12110.08;20.23;16128.41;13690.69;18566.12
2024-10-08;4439.54;8859.77;19.31;14124.74;13119.96;15129.52
2024-10-09;5111.0;10201.08;20.92;18316.04;19992.62;16639.46
2024-10-10;3640.77;7273.15;8.4;29852.3;33891.52;25813.08
2024-10-11;6750.34;13489.31;11.38;13932.15;13008.52;14855.77
2024-10-12;7062.75;14103.96;21.54;16790.95;16110.77;17471.12
2024-10-13;5527.43;11048.71;6.15;37837.74;40589.94;35085.54
2024-10-14;4601.47;9193.9;9.04;10134.48;6182.5;14086.46
2024-10-15;6464.56;12922.73;6.4;9445.59;7967.98;10923.21
2024-10-16;7789.31;15568.9;9.73;30527.29;29439.79;31614.79
2024-10-17;6506.07;13004.62;7.52;19520.58;15575.19;23465.98
2024-10-18;5492.85;10981.4;4.31;5559.54;4255.29;6863.79
2024-10-19;4527.53;9052.29;2.77;8843.44;8024.38;9662.5
2024-10-20;5955.7;11909.02;2.38;16729.3;15394.5;18064.1
2024-10-21;4899.67;9797.85;1.48;17258.57;13363.52;21153.62
2024-10-22;4174.65;8347.88;1.42;12301.86;13571.79;11031.94
2024-10-23;5040.09;10079.08;1.1;5969.3;4355.58;7583.02
2024-10-24;5839.03;11676.9;1.17;10801.43;9649.15;11953.71
2024-10-25;6458.25;12915.44;1.06;7157.21;4518.29;9796.12
2024-10-26;5563.7;11126.69;0.71;5687.15;5041.04;6333.25
2024-10-27;4605.62;9111.21;100.04;8988.47;8919.04;9057.9
2024-10-28;3648.45;7239.44;57.46;11642.7;13590.1;9695.29
2024-10-29;2935.59;5822.6;48.58;7399.12;6314.79;8483.46
2024-10-30;2662.41;5284.9;39.92;6777.58;7157.92;6397.25
2024-10-31;3193.99;6343.69;44.29;12381.59;13653.21;11109.98
2024-11-01;3380.86;6709.6;52.12;20247.86;19979.52;20516.21
2024-11-02;3321.06;6596.31;45.81;5829.57;2610.67;9048.48
2024-11-03;5031.96;9994.77;69.15;6334.69;6556.9;6112.48
2024-11-04;4344.95;8646.83;43.06;4561.75;3344.54;5778.96
2024-11-05;4812.84;9572.69;53.0;4161.29;2773.06;5549.52
2024-11-06;2418.5;4806.98;30.02;584.93;336.94;832.92
2024-11-07;1714.7;3413.5;15.9;1888.46;1545.62;2231.29
2024-11-08;1927.84;3840.65;15.04;10653.67;12389.65;8917.69
2024-11-09;3656.43;7281.29;31.56;5149.22;3522.15;6776.29
2024-11-10;2249.02;4476.98;21.06;1741.52;1416.19;2066.85
2024-11-11;1363.38;2718.23;8.52;10216.48;11689.04;8743.92
2024-11-12;1879.98;3749.12;10.83;5729.21;4690.73;6767.69
2024-11-13;969.89;1934.25;5.52;7270.48;7409.17;7131.79
2024-11-14;1426.86;2845.85;7.88;15594.21;15666.02;15522.4
2024-11-15;1698.03;3388.46;7.6;11328.24;11028.12;11628.35
2024-11-16;2135.97;4261.77;10.17;23907.29;24059.02;23755.56
2024-11-17;1863.55;3717.62;9.48;34007.74;35710.04;32305.44
2024-11-18;2213.83;4422.69;4.98;29959.96;30248.21;29671.71
2024-11-19;705.75;1408.02;3.48;22816.34;26519.06;19113.62
2024-11-20;2478.65;4951.52;5.77;22533.85;24433.56;20634.15
2024-11-21;2086.6;4167.77;5.44;21607.0;22279.67;20934.33
2024-11-22;1943.0;3880.85;5.15;28689.75;33722.42;23657.08
2024-11-23;2459.15;4912.85;5.44;30804.96;27938.17;33671.75
2024-11-24;2344.27;4686.56;1.98;43687.26;43343.75;44030.77
2024-11-25;3055.17;6104.58;5.75;38863.2;39299.25;38427.15
2024-11-26;2835.68;5669.58;1.77;23715.12;23225.31;24204.94
2024-11-27;1942.97;3884.62;1.31;23258.96;23649.27;22868.65
2024-11-28;1384.08;2767.35;0.81;33552.52;33530.56;33574.48
2024-11-29;2165.51;4330.08;0.94;7405.62;5597.5;9213.75
2024-11-30;4389.49;8776.17;2.81;16560.67;15878.58;17242.75
2024-12-01;3708.46;7415.56;1.35;14876.28;14224.08;15528.48
2024-12-02;1326.08;2651.23;0.94;23243.59;22194.1;24293.08
2024-12-03;1313.3;2626.1;0.5;16569.78;15613.1;17526.46
2024-12-04;1403.41;2806.4;0.42;7346.26;6567.92;8124.6
2024-12-05;1994.71;3989.17;0.25;25454.67;29366.75;21542.58
2024-12-06;1135.91;2271.5;0.31;31559.36;30080.75;33037.98
2024-12-07;669.6;1338.98;0.23;26716.91;30543.67;22890.15
2024-12-08;1469.27;2938.42;0.12;17370.81;16211.08;18530.54
2024-12-09;669.11;1338.06;0.17;30475.26;31378.88;29571.65
2024-12-10;735.95;1471.88;0.02;16426.33;14012.17;18840.5
2024-12-11;1084.86;2169.71;0.02;3563.86;3437.08;3690.65
2024-12-12;1362.55;2725.1;0.0;1847.22;1286.54;2407.9
2024-12-13;2328.76;4657.52;0.0;5409.31;5438.06;5380.56
2024-12-14;1098.17;2196.33;0.0;22659.42;26456.75;18862.08
2024-12-15;799.94;1599.88;0.0;37617.09;39062.65;36171.54
2024-12-16;709.92;1419.83;0.0;44890.98;44474.96;45307.0
2024-12-17;1129.74;2259.48;0.0;27926.95;24153.58;31700.31
2024-12-18;1305.52;2611.04;0.0;37566.51;43306.48;31826.54
2024-12-19;721.72;1443.44;0.0;41670.73;41541.17;41800.29
2024-12-20;1803.89;3607.77;0.0;34511.97;31882.44;37141.5
2024-12-21;1078.71;2157.42;0.0;39740.44;39978.42;39502.46
2024-12-22;961.06;1922.12;0.0;36910.5;34845.19;38975.81
2024-12-23;1007.33;2014.67;0.0;32508.11;35070.31;29945.92
2024-12-24;995.76;1991.52;0.0;12398.74;11166.54;13630.94
2024-12-25;1644.85;3289.71;0.0;7526.91;6359.52;8694.29
2024-12-26;2216.59;4433.19;0.0;3755.76;3253.0;4258.52
2024-12-27;3041.86;6083.73;0.0;1802.68;1137.17;2468.19
2024-12-28;2923.96;5847.92;0.0;1996.95;1767.77;2226.12
2024-12-29;2159.49;4318.98;0.0;16604.43;17883.94;15324.92
2024-12-30;1345.7;2691.4;0.0;29896.8;30146.54;29647.06
2024-12-31;2264.61;4529.23;0.0;30850.81;29471.9;32229.73
2025-01-01;2649.73;5299.46;0.0;45720.07;47239.23;44200.92
2025-01-02;1354.34;2708.69;0.0;27489.11;21604.15;33374.08
2025-01-03;1540.44;3080.88;0.0;31805.96;35572.25;28039.67
2025-01-04;1526.04;3052.08;0.0;12376.86;10285.98;14467.75
2025-01-05;399.89;799.77;0.0;27543.58;33462.56;21624.6
2025-01-06;1645.64;3291.27;0.0;44180.42;45961.85;42398.98
2025-01-07;1787.54;3575.08;0.0;41176.09;40324.73;42027.46
2025-01-08;1357.06;2714.12;0.0;27924.91;26722.73;29127.08
2025-01-09;1164.53;2329.06;0.0;19253.24;19484.27;19022.21
2025-01-10;1788.47;3576.94;0.0;24071.64;22376.19;25767.08
2025-01-11;2166.56;4333.12;0.0;20883.74;22400.75;19366.73
2025-01-12;2505.33;5010.67;0.0;11017.96;8451.98;13583.94
2025-01-13;3326.69;6653.38;0.0;10126.49;11516.4;8736.58
2025-01-14;3242.59;6485.19;0.0;21951.09;22505.38;21396.81
2025-01-15;926.16;1852.31;0.0;8551.96;4318.08;12785.83
2025-01-16;2307.59;4615.19;0.0;8161.09;9465.42;6856.77
2025-01-17;2820.53;5641.06;0.0;5940.49;5277.92;6603.06
2025-01-18;3508.98;7017.94;0.02;3928.09;2978.92;4877.27
2025-01-19;4411.09;8822.17;0.02;6186.79;6083.12;6290.46
2025-01-20;3540.45;7080.88;0.02;3968.12;2838.85;5097.4
2025-01-21;3534.29;7068.56;0.02;7195.77;6738.73;7652.81
2025-01-22;2564.88;5129.73;0.02;13099.78;14267.88;11931.69
2025-01-23;1250.88;2501.58;0.17;31065.12;33084.38;29045.88
2025-01-24;2021.29;4042.38;0.21;35665.02;37226.54;34103.5
2025-01-25;2140.34;4280.31;0.38;20621.49;21202.08;20040.9
2025-01-26;2200.15;4399.94;0.35;13733.46;11585.44;15881.48
2025-01-27;1787.2;3573.69;0.71;37828.29;39126.15;36530.44
2025-01-28;1785.49;3570.4;0.58;25203.86;22649.0;27758.73
2025-01-29;2340.94;4681.04;0.83;29388.09;31872.56;26903.62
2025-01-30;2806.34;5610.35;2.33;13155.52;9277.29;17033.75
2025-01-31;3177.53;6353.67;1.4;12734.06;11356.25;14111.88
2025-02-01;4933.23;9863.62;2.83;3873.58;2991.1;4756.06
2025-02-02;4784.21;9564.9;3.52;2204.41;1613.67;2795.15
2025-02-03;5346.51;10689.98;3.04;2629.45;2388.67;2870.23
2025-02-04;5172.42;10340.33;4.5;10211.28;9653.44;10769.12
2025-02-05;3708.68;7410.12;7.23;13755.26;11567.94;15942.58
2025-02-06;2247.29;4491.19;3.4;9306.73;8696.71;9916.75
2025-02-07;2898.59;5793.58;3.6;28159.03;29279.44;27038.62
2025-02-08;6472.84;12935.69;10.0;20228.27;17676.6;22779.94
2025-02-09;4859.17;9708.08;10.25;11447.2;11171.73;11722.67
2025-02-10;3534.59;7063.08;6.1;25020.7;25166.79;24874.6
2025-02-11;3220.07;6428.17;11.98;29265.1;26569.77;31960.44
2025-02-12;2998.23;5988.9;7.56;16197.79;14991.23;17404.35
2025-02-13;1890.44;3776.21;4.67;9304.72;10033.1;8576.33
2025-02-14;3039.62;6068.42;10.83;4334.31;2593.79;6074.83
2025-02-15;4589.69;9161.92;17.46;2199.27;1484.58;2913.96
2025-02-16;4086.22;8154.33;18.1;8923.17;8537.5;9308.83
2025-02-17;7169.51;14295.1;43.92;4397.6;3126.71;5668.5
2025-02-18;8527.98;17003.31;52.65;9985.8;9140.77;10830.83
2025-02-19;8530.0;16994.19;65.81;21821.55;20740.15;22902.96
2025-02-20;5510.77;10967.52;54.02;23374.43;21403.31;25345.54
2025-02-21;5322.59;10616.81;28.38;21348.32;18832.46;23864.19
2025-02-22;5465.12;10866.19;64.06;23825.61;20976.81;26674.42
2025-02-23;4381.46;8735.42;27.5;14495.83;11556.27;17435.4
2025-02-24;4282.28;8513.42;51.15;26329.89;27727.29;24932.48
2025-02-25;3346.04;6652.94;39.15;8641.41;5168.62;12114.19
2025-02-26;2627.04;5222.02;32.06;8996.24;8900.08;9092.4
2025-02-27;4374.74;8675.1;74.38;10941.31;8439.88;13442.75
2025-02-28;3772.81;7478.73;66.9;5775.39;5215.48;6335.29
2025-03-01;4666.53;9269.71;63.35;5266.52;4665.65;5867.4
2025-03-02;8618.69;17101.6;135.77;10437.14;9149.17;11725.1
2025-03-03;10898.36;21565.77;230.96;13125.28;11897.21;14353.35
2025-03-04;10471.77;20732.31;211.23;12594.94;11338.1;13851.77
2025-03-05;11724.4;23134.94;313.85;19128.9;17340.19;20917.6
2025-03-06;11441.79;22569.85;313.73;14120.49;9831.31;18409.67
2025-03-07;11013.49;21723.0;303.98;7763.72;4386.17;11141.27
2025-03-08;11148.05;21966.02;330.08;6171.8;4910.83;7432.77
2025-03-09;10973.7;21606.77;340.62;7883.28;5635.52;10131.04
2025-03-10;7815.34;15358.9;271.79;3690.94;3437.21;3944.67
2025-03-11;6815.79;13410.4;221.19;3780.51;2959.88;4601.15
2025-03-12;4678.2;9178.79;177.6;4197.64;3268.62;5126.65
2025-03-13;4480.45;8802.98;157.92;4976.19;5279.02;4673.35
2025-03-14;4867.91;9557.19;178.62;5534.82;4583.65;6486.0
2025-03-15;5944.24;11671.96;216.52;12148.44;11976.79;12320.08
2025-03-16;8220.14;16077.04;363.23;13308.45;12599.29;14017.6
2025-03-17;10077.15;19692.31;461.98;12717.43;9088.21;16346.65
2025-03-18;12777.89;24865.5;690.27;9496.76;7634.15;11359.38
2025-03-19;13158.05;25592.04;724.06;5014.92;2547.06;7482.77
2025-03-20;11877.72;23067.71;687.73;5318.53;3476.04;7161.02
2025-03-21;11852.33;22999.52;705.15;16656.1;17648.79;15663.42
2025-03-22;9582.62;18589.06;576.19;33020.83;30616.23;35425.44
2025-03-23;6414.51;12420.85;408.17;17855.41;14176.54;21534.27
2025-03-24;7588.02;14782.54;393.5;1975.65;1366.73;2584.56
2025-03-25;7582.72;14752.67;412.77;9085.33;9830.83;8339.83
2025-03-26;5228.08;10192.42;263.75;12153.25;11839.04;12467.46
2025-03-27;9762.12;19026.21;498.04;8040.67;7478.33;8603.0
2025-03-28;12599.99;24286.92;913.06;8574.5;6573.0;10576.0
2025-03-29;6345.38;12367.19;323.56;11348.8;12721.77;9975.83
2025-03-30;6865.33;13043.52;125.48;31694.91;34590.04;28536.59
2025-03-31;6350.38;12638.6;62.15;18154.43;15201.88;21106.98
2025-04-01;10000.65;19847.1;154.19;11855.68;11635.04;12076.31
2025-04-02;12300.51;24411.9;189.12;21439.5;20012.92;22866.08
2025-04-03;14310.45;28369.42;251.48;12828.76;7950.23;17707.29
2025-04-04;14392.62;28514.65;270.6;5933.73;3716.92;8150.54
2025-04-05;12882.55;25495.65;269.46;16216.76;14543.9;17889.62
2025-04-06;13792.36;27271.75;312.98;11583.7;8739.21;14428.19
2025-04-07;13504.05;26720.71;287.4;6743.85;5944.42;7543.29
2025-04-08;12621.41;24957.48;285.33;2781.81;1573.83;3989.79
2025-04-09;11380.54;22497.27;263.81;8136.61;8141.38;8131.85
2025-04-10;12363.39;24455.69;271.08;11351.07;7277.77;15424.38
2025-04-11;12842.32;25347.94;336.71;21497.53;20351.75;22643.31
2025-04-12;14586.3;28831.52;341.08;8394.3;5601.42;11187.19
2025-04-13;9479.31;18661.33;297.29;20754.33;20950.67;20558.0
2025-04-14;11825.58;23361.56;289.6;6460.31;3619.31;9301.31
2025-04-15;9932.85;19510.42;355.29;22640.68;22081.23;23200.12
2025-04-16;11415.49;22429.25;401.73;9485.22;6264.27;12706.17
2025-04-17;6902.85;13564.69;241.02;15424.33;13254.71;17593.96
2025-04-18;5076.26;9978.88;173.65;12124.4;10250.73;13998.06
2025-04-19;11106.05;21887.42;324.69;4940.93;4231.19;5650.67
2025-04-20;12875.83;25267.21;484.46;4486.38;4051.08;4921.67
2025-04-21;9867.98;19367.33;368.62;3449.92;3088.15;3811.69
2025-04-22;10589.8;20751.02;428.58;3057.02;2439.73;3674.31
2025-04-23;9407.12;18362.23;452.02;3036.14;2326.83;3745.44
2025-04-24;6254.89;12209.31;300.46;9478.19;7902.77;11053.6
2025-04-25;8763.42;17190.9;335.94;6828.34;5059.29;8597.4
2025-04-26;13334.9;26050.67;619.12;10622.14;8413.04;12831.23
2025-04-27;15534.97;30319.92;750.02;9827.41;4300.23;15354.58
2025-04-28;16648.07;32507.62;788.52;2885.44;1665.79;4105.08
2025-04-29;15616.11;30435.06;797.17;4759.61;3520.75;5998.48
2025-04-30;15654.14;30495.62;812.65;3126.16;2297.69;3954.62
2025-05-01;15886.32;30876.96;895.69;2613.32;1185.85;4040.79
2025-05-02;14230.95;27651.85;810.04;10855.02;8839.04;12871.0
2025-05-03;10789.84;20847.02;732.67;11430.89;11162.94;11698.83
2025-05-04;9431.23;18286.52;575.94;19607.96;17666.85;21549.06
2025-05-05;10561.65;20442.56;680.73;12285.32;10857.77;13712.88
2025-05-06;12692.7;24550.67;834.73;11071.07;10987.92;11154.23
2025-05-07;11633.72;22426.02;841.42;7675.62;6409.4;8941.85
2025-05-08;11451.78;22080.54;823.02;7718.92;6180.15;9257.69
2025-05-09;15395.04;29734.6;1055.48;6032.1;5173.29;6890.92
2025-05-10;16151.66;31223.38;1079.94;5905.38;3379.42;8431.33
2025-05-11;16678.98;32197.96;1160.0;11656.91;8019.62;15294.19
2025-05-12;17328.71;33459.85;1197.56;15387.85;10802.65;19973.06
2025-05-13;17619.69;33993.29;1246.08;7604.08;3746.65;11461.52
2025-05-14;16917.62;32588.1;1247.15;11091.98;11277.67;10906.29
2025-05-15;15087.24;29057.88;1116.6;16466.14;16794.81;16137.46
2025-05-16;13123.65;25078.29;1169.0;14091.01;14701.81;13480.21
2025-05-17;13205.69;25245.73;1165.65;14749.02;15535.88;13962.17
2025-05-18;12663.44;24302.38;1024.5;10391.24;11247.4;9535.08
2025-05-19;14199.08;27301.58;1096.58;5869.67;4278.04;7461.29
2025-05-20;15537.85;29768.71;1307.0;5428.97;4740.25;6117.69
2025-05-21;12902.3;24631.42;1173.19;19360.27;21050.73;17669.81
2025-05-22;11164.1;21401.46;926.75;26443.19;30352.04;22534.33
2025-05-23;13160.02;25018.27;1301.77;17955.62;18742.62;17168.62
2025-05-24;12846.14;24409.29;1282.98;13920.1;12646.92;15193.29
2025-05-25;6037.53;11567.44;507.62;24486.36;26186.0;22786.73
2025-05-26;13162.64;25240.5;1084.77;15618.71;16780.94;14456.48
2025-05-27;9533.4;18037.5;1029.29;23668.42;26783.79;20553.04
2025-05-28;7496.9;14434.79;559.0;25823.38;26246.77;25399.98
2025-05-29;12192.64;23199.98;1185.29;13019.25;11229.15;14809.35
2025-05-30;13672.16;26200.67;1143.65;20044.44;20154.44;19934.44
2025-05-31;15161.58;28865.81;1457.35;3438.2;2287.94;4588.46
2025-06-01;11384.21;21740.62;1027.79;13044.2;14366.96;11721.44
2025-06-02;12194.56;23142.96;1246.17;10316.0;11237.29;9394.71
2025-06-03;14813.99;28152.33;1475.65;10787.9;13758.27;7817.52
2025-06-04;10416.98;19588.58;1245.38;14368.79;13764.83;14972.75
2025-06-05;10707.36;20334.38;1080.35;15827.06;18082.48;13571.65
2025-06-06;11465.45;22039.44;891.46;28881.4;31977.54;25785.25
2025-06-07;9785.0;18533.0;1037.0;15545.96;16388.46;14703.46
2025-06-08;11191.95;21330.83;1053.06;23465.57;25145.44;21785.71
2025-06-09;14368.22;27216.06;1520.38;14400.9;11452.9;17348.9
2025-06-10;11031.72;20873.27;1190.17;23451.5;27558.94;19344.06
2025-06-11;15564.51;29788.85;1340.17;13113.64;8996.88;17230.4
2025-06-12;17922.11;34198.54;1645.69;12997.66;10720.42;15274.9
2025-06-13;17392.3;33147.88;1636.73;20733.54;14960.06;26507.02
2025-06-14;16621.72;31618.19;1625.25;17720.02;12730.08;22709.96
2025-06-15;11977.96;22572.08;1383.83;10497.61;8800.5;12194.73
2025-06-16;14141.1;26939.19;1343.02;12585.25;12305.19;12865.31
2025-06-17;17638.52;33590.46;1686.58;6179.84;5968.85;6390.83
2025-06-18;16970.77;32303.15;1638.4;9486.4;10021.62;8951.17
2025-06-19;17623.93;33591.65;1656.21;13094.05;13467.0;12721.1
2025-06-20;18921.11;36144.23;1698.0;4404.25;2169.1;6639.4
2025-06-21;18617.78;35564.98;1670.58;3747.93;2179.44;5316.42
2025-06-22;17335.69;33013.29;1658.08;10325.54;8544.42;12106.67
2025-06-23;12308.24;23278.27;1338.21;29674.79;35272.4;24077.19
2025-06-24;14521.42;27517.17;1525.67;28291.22;29156.73;27425.71
2025-06-25;15468.31;29494.12;1442.5;19498.66;19490.21;19507.1
2025-06-26;11575.04;21796.31;1353.77;13158.28;14192.38;12124.19
2025-06-27;10809.06;20425.67;1192.46;19887.95;19362.02;20413.88
2025-06-28;14719.94;27957.46;1482.42;15518.19;15966.04;15070.33
2025-06-29;16125.15;30743.85;1506.44;12280.15;11362.94;13197.35
2025-06-30;18296.35;35000.31;1592.4;5285.55;2210.54;8360.56
2025-07-01;17950.01;34297.65;1602.38;6559.84;1837.42;11282.27
2025-07-02;17821.53;34073.21;1569.85;9571.12;4663.5;14478.75
2025-07-03;13488.38;25731.21;1245.54;17591.24;16181.48;19001.0
2025-07-04;16623.11;31849.6;1396.62;8418.4;9392.75;7444.04
2025-07-05;14455.55;27495.75;1415.35;16364.8;17735.98;14993.62
2025-07-06;9644.3;18271.6;1017.0;13583.84;13643.17;13524.52
2025-07-07;10236.59;19638.65;834.54;11554.05;11460.71;11647.4
2025-07-08;11518.38;22006.08;1030.67;13951.03;12859.31;15042.75
2025-07-09;12562.05;23938.08;1186.02;11140.66;11072.65;11208.67
2025-07-10;14546.9;27748.67;1345.12;5371.0;5073.48;5668.52
2025-07-11;13406.89;25584.31;1229.46;9700.58;9877.06;9524.1
2025-07-12;10515.14;20099.67;930.6;11907.67;12420.35;11394.98
2025-07-13;13364.31;25669.73;1058.9;4837.2;4499.02;5175.38
2025-07-14;12340.23;23451.83;1228.62;4618.08;5567.77;3668.4
2025-07-15;12563.78;24012.4;1115.17;9525.65;11569.5;7481.79
2025-07-16;10434.52;19889.06;979.98;10219.62;10951.31;9487.94
2025-07-17;11698.32;22385.62;1011.02;12535.51;14139.17;10931.85
2025-07-18;13846.86;26671.88;1021.85;1737.32;695.38;2779.27
2025-07-19;16224.95;31206.56;1243.33;5206.15;4168.9;6243.4
2025-07-20;13793.75;26455.02;1132.48;7456.86;4078.15;10835.58
2025-07-21;7676.45;14699.0;653.9;8646.69;7037.67;10255.71
2025-07-22;11454.09;22024.77;883.42;16027.65;17754.98;14300.31
2025-07-23;12533.6;24167.98;899.23;19883.4;20688.04;19078.75
2025-07-24;10820.96;20852.92;789.0;4213.31;3272.85;5153.77
2025-07-25;11469.34;22141.33;797.35;4913.12;5090.12;4736.12
2025-07-26;11352.24;21900.35;804.12;3064.81;2479.9;3649.73
2025-07-27;10293.62;19902.29;684.96;4595.57;4880.77;4310.38
2025-07-28;9361.41;18136.48;586.33;12120.71;13273.17;10968.25
2025-07-29;13013.09;25228.79;797.4;14337.31;14199.04;14475.58
2025-07-30;10846.34;20902.4;790.29;16159.82;17334.58;14985.06
2025-07-31;9440.16;18253.46;626.85;18050.6;18593.67;17507.54
2025-08-01;10036.79;19519.5;554.08;8989.12;9102.85;8875.4
2025-08-02;9952.96;19333.38;572.54;10888.45;10959.54;10817.35
2025-08-03;9747.98;18982.04;513.92;16795.95;16495.4;17096.5
2025-08-04;8642.21;16936.48;347.94;20383.99;17405.23;23362.75
2025-08-05;10880.34;21152.85;607.83;24240.61;23219.12;25262.1
2025-08-06;15475.19;30048.04;902.33;17139.18;16402.81;17875.54
2025-08-07;16215.98;31626.0;805.96;7591.34;8347.08;6835.6
2025-08-08;15018.68;29345.98;691.38;8587.85;9127.33;8048.38
2025-08-09;16290.26;31809.92;770.6;5008.21;4715.38;5301.04
2025-08-10;16841.36;32865.33;817.4;9619.24;8092.92;11145.56
2025-08-11;17879.81;34951.1;808.52;3429.12;2104.83;4753.42
2025-08-12;17049.09;33289.4;808.79;6423.66;4259.21;8588.1
2025-08-13;17142.57;33516.5;768.65;7125.18;3528.96;10721.4
2025-08-14;15972.32;31228.23;716.42;3789.78;2094.73;5484.83
2025-08-15;15427.24;30176.04;678.44;9348.16;8488.9;10207.42
2025-08-16;12526.01;24576.12;475.9;14932.29;14631.27;15233.31
2025-08-17;13943.47;27317.31;569.62;7186.43;4480.96;9891.9
2025-08-18;16770.3;32892.46;648.15;2582.94;1682.17;3483.71
2025-08-19;16866.79;33093.06;640.52;4554.99;3782.9;5327.08
2025-08-20;13049.41;25568.67;530.15;8444.48;7745.56;9143.4
2025-08-21;11150.23;21875.17;425.29;12242.95;12671.67;11814.23
2025-08-22;12226.06;23960.44;491.69;16457.68;17830.5;15084.85
2025-08-23;10706.69;21030.19;383.19;15098.72;17477.73;12719.71
2025-08-24;13073.62;25621.81;525.44;7960.89;8497.69;7424.08
2025-08-25;15199.27;29893.23;505.31;6249.09;6647.56;5850.62
2025-08-26;14990.57;29497.69;483.46;4389.82;3161.54;5618.1
2025-08-27;11805.81;23294.9;316.73;7993.05;6531.42;9454.69
2025-08-28;5881.69;11514.27;249.1;4826.84;3847.0;5806.69
2025-08-29;9848.32;19482.83;213.81;8278.62;7316.31;9240.94
2025-08-30;11107.62;21917.65;297.6;10350.23;9839.9;10860.56
2025-08-31;12150.81;23901.02;400.6;10307.56;8408.94;12206.19
2025-09-01;10165.61;19989.1;342.12;9119.41;7373.42;10865.4
2025-09-02;8578.11;16985.96;170.27;6163.67;5414.46;6912.88
2025-09-03;11317.12;22291.5;342.75;24588.69;26070.15;23107.23
2025-09-04;11217.23;22093.56;340.9;15949.92;11634.17;20265.67
2025-09-05;8132.74;16102.77;162.71;8807.83;9350.52;8265.15
2025-09-06;14232.91;28149.6;316.21;3137.88;1506.31;4769.44
2025-09-07;14473.33;28600.48;346.19;14784.12;12596.85;16971.4
2025-09-08;10854.6;21403.27;305.94;10001.46;6306.04;13696.88
2025-09-09;8139.88;16061.73;218.02;4649.82;4795.73;4503.92
2025-09-10;8420.62;16665.65;175.6;4039.99;2527.98;5552.0
2025-09-11;9731.79;19269.42;194.17;21253.8;23385.44;19122.17
2025-09-12;10915.15;21621.1;209.19;24046.34;23721.29;24371.4
2025-09-13;9002.8;17840.17;165.44;19353.46;18963.62;19743.29
2025-09-14;9888.4;19676.15;100.65;11632.57;9366.29;13898.85
2025-09-15;10068.73;20012.06;125.4;39613.31;40872.15;38354.48
2025-09-16;9506.24;18847.52;164.96;43454.5;44124.38;42784.62
2025-09-17;8403.17;16637.9;168.44;27950.0;26298.31;29601.69
2025-09-18;10483.02;20821.44;144.6;25696.0;24339.17;27052.83
2025-09-19;13266.82;26341.23;192.42;15382.43;10801.79;19963.06
2025-09-20;12994.29;25795.5;193.08;17833.81;13680.44;21987.19
2025-09-21;7873.5;15617.92;129.08;23247.41;23491.52;23003.29
2025-09-22;5077.93;10101.65;54.21;16442.8;16548.0;16337.6
2025-09-23;8408.88;16711.5;106.25;12193.96;10334.1;14053.81
2025-09-24;7469.05;14834.88;103.23;24234.25;24591.71;23876.79
2025-09-25;5753.0;11439.0;67.0;29832.19;29626.6;30037.77
2025-09-26;6143.06;12231.27;54.85;20689.76;19547.6;21831.92
2025-09-27;7340.34;14607.4;73.29;11183.19;8995.17;13371.21
2025-09-28;10112.96;20135.94;89.98;4355.31;2599.1;6111.52
2025-09-29;9127.26;18170.02;84.5;4627.29;3241.56;6013.02
2025-09-30;7237.61;14414.94;60.29;6085.85;4895.6;7276.1
2025-10-01;10653.74;21218.62;88.85;5421.44;3843.1;6999.77
2025-10-02;11361.93;22642.98;80.88;8074.48;6355.35;9793.6
2025-10-03;9551.88;19022.62;81.12;20010.89;17812.33;22209.44
2025-10-04;3648.2;7271.56;24.83;43869.96;43943.48;43796.44
2025-10-05;5676.39;11321.85;30.92;41096.17;39450.23;42742.1
2025-10-06;3897.16;7771.33;22.98;29046.46;27036.15;31056.77
2025-10-07;2982.84;5951.33;14.35;6880.19;6083.21;7677.17
2025-10-08;4832.16;9646.94;17.38;6547.56;5395.46;7699.67
2025-10-09;5554.51;11091.02;18.0;12814.5;13670.73;11958.27
2025-10-10;6411.21;12803.62;18.79;19050.69;17632.15;20469.23
2025-10-11;5443.59;10873.5;13.69;14049.7;13706.85;14392.54
2025-10-12;4445.25;8880.65;9.85;12565.79;14109.96;11021.62
2025-10-13;6181.57;12352.35;10.79;3176.44;2285.29;4067.58
2025-10-14;5462.65;10915.98;9.31;6713.05;7126.17;6299.94
2025-10-15;4788.47;9569.1;7.83;4854.17;4758.06;4950.27
2025-10-16;4784.23;9562.19;6.27;14236.49;14728.73;13744.25
2025-10-17;4887.56;9769.44;5.69;13545.3;13776.6;13314.0
2025-10-18;8553.68;17097.33;10.02;6351.53;3262.15;9440.92
2025-10-19;6503.5;12999.73;7.27;18866.84;18084.21;19649.48
2025-10-20;4486.08;8965.27;6.9;29928.53;28064.79;31792.27
2025-10-21;5485.51;10967.06;3.96;35176.88;34835.23;35518.52
2025-10-22;3435.57;6869.35;1.79;15621.45;12633.17;18609.73
2025-10-23;2819.41;5637.69;1.12;34380.08;39083.65;29676.52
2025-10-24;4870.9;9740.24;1.56;46852.57;47984.56;45720.58
2025-10-25;3120.02;6238.82;1.23;42820.62;43109.67;42531.56
2025-10-26;3777.54;7382.32;172.77;44948.41;46262.01;43634.81
2025-10-27;2342.86;4644.27;41.45;40059.9;38434.3;41685.49
2025-10-28;2528.14;4980.19;76.08;41320.02;41958.21;40681.82
2025-10-29;5843.58;11507.27;179.9;27344.56;24574.13;30114.99
2025-10-30;6046.93;12022.8;71.06;32191.48;35618.64;28764.32
2025-10-31;6715.23;13262.58;167.87;17724.37;16467.38;18981.36
2025-11-01;4097.71;8060.11;135.32;26668.84;27866.64;25471.04
2025-11-02;2287.22;4535.51;38.92;16961.38;13951.51;19971.25
2025-11-03;4702.11;9310.6;93.62;26961.71;28131.67;25791.76
2025-11-04;6338.58;12554.01;123.15;24573.7;20924.16;28223.24
2025-11-05;7148.04;14167.34;128.75;19159.58;15542.73;22776.44
2025-11-06;6737.79;13367.92;107.66;10502.95;7974.91;13031.0
2025-11-07;5223.93;10373.77;74.08;5084.27;3291.88;6876.66
2025-11-08;3098.63;6149.76;47.51;1416.43;869.8;1963.06
2025-11-09;1721.62;3423.04;20.21;2848.32;3009.08;2687.55
2025-11-10;2686.4;5351.62;21.18;7375.24;6811.7;7938.77
2025-11-11;3428.74;6829.15;28.32;18389.6;16616.72;20162.48
2025-11-12;5523.62;10998.05;49.2;27541.38;27340.83;27741.93
2025-11-13;5847.8;11635.52;60.08;30551.96;31081.82;30022.11
2025-11-14;3944.74;7845.98;43.5;13945.49;13856.36;14034.62
2025-11-15;2174.36;4330.77;17.95;22351.69;22346.82;22356.55
2025-11-16;2690.83;5355.76;25.9;10576.82;7952.06;13201.58
2025-11-17;2575.42;5140.88;9.95;22652.62;23585.5;21719.73
2025-11-18;3368.82;6717.63;20.0;20893.41;19569.35;22217.46
2025-11-19;3010.27;5992.87;27.68;19302.37;19557.97;19046.78
2025-11-20;2568.43;5128.94;7.91;14602.94;13313.71;15892.18
2025-11-21;4268.51;8524.3;12.73;6833.76;5961.38;7706.14
2025-11-22;4926.32;9839.29;13.35;17428.03;17955.31;16900.75
2025-11-23;4592.51;9164.02;21.01;29275.74;29907.24;28644.24
2025-11-24;1162.54;2321.69;3.38;18364.28;15685.8;21042.77
2025-11-25;1054.79;2106.79;2.79;5217.64;4744.81;5690.46
2025-11-26;1389.5;2775.35;3.66;5576.76;4976.08;6177.44
2025-11-27;2276.47;4549.61;3.34;24826.55;27700.89;21952.22
2025-11-28;1737.59;3470.92;4.26;28572.39;25839.96;31304.83
2025-11-29;1491.44;2980.55;2.32;21646.07;19243.16;24048.98
2025-11-30;1882.22;3760.94;3.51;24294.77;22929.44;25660.1
2025-12-01;3033.29;6064.51;2.07;24544.63;24631.52;24457.74
2025-12-02;2498.56;4994.83;2.29;22696.68;19634.64;25758.72
2025-12-03;1804.28;3607.3;1.25;5030.85;3828.29;6233.42
2025-12-04;1588.75;3176.96;0.53;8312.56;9082.84;7542.29
2025-12-05;1000.97;2001.51;0.43;4664.56;2724.57;6604.56
2025-12-06;1356.16;2711.8;0.52;28042.77;29116.71;26968.83
2025-12-07;1164.83;2329.15;0.51;24512.41;19468.77;29556.05
2025-12-08;1765.0;3529.37;0.63;35619.07;33382.77;37855.36
2025-12-09;2334.63;4668.77;0.49;25470.95;23735.22;27206.67
2025-12-10;2261.3;4522.51;0.1;27658.73;24636.21;30681.25
2025-12-11;2077.5;4154.98;0.02;22391.45;21580.97;23201.93
2025-12-12;2229.08;4458.13;0.02;6551.82;4747.56;8356.07
2025-12-13;1238.06;2476.11;0.02;12013.74;11785.7;12241.79
2025-12-14;1324.2;2648.38;0.01;20477.4;21479.19;19475.6
2025-12-15;3128.69;6257.38;0.01;24141.73;22600.92;25682.54
2025-12-16;3178.49;6356.98;0.0;14310.28;11707.75;16912.82
2025-12-17;2498.11;4996.23;0.0;11863.33;10598.03;13128.64
2025-12-18;2851.78;5703.55;0.0;32473.93;32321.26;32626.59
2025-12-19;1765.96;3531.91;0.0;29294.3;25747.96;32840.63
2025-12-20;1798.68;3597.37;0.0;8573.01;5697.98;11448.04
2025-12-21;2244.77;4489.54;0.0;18299.97;17915.04;18684.9
2025-12-22;1688.25;3376.5;0.0;25095.03;23615.6;26574.45
2025-12-23;1245.68;2491.35;0.0;32459.54;33712.15;31206.93
2025-12-24;2045.49;4090.98;0.0;33630.36;33508.73;33751.98
2025-12-25;3844.45;7688.9;0.0;24436.51;22000.24;26872.79
2025-12-26;3588.02;7176.04;0.0;10713.16;9428.59;11997.74
2025-12-27;3018.1;6036.21;0.0;16549.95;20370.74;12729.16
2025-12-28;3509.61;7019.22;0.0;12545.8;10201.77;14889.83
2025-12-29;2167.59;4335.18;0.0;24851.77;24535.22;25168.32
2025-12-30;3420.36;6840.73;0.0;22056.45;20544.05;23568.85
2025-12-31;1622.38;3244.77;0.0;28806.8;30464.92;27148.68
